CustomerName,Last_OrderDate,First_OrderDate,Last_ShipDate,First_ShipDate
"Janice Fletcher",2012-05-28,2012-05-28,2012-05-30,2012-05-30
"Bonnie Potter",2013-07-01,2010-07-07,2013-07-08,2010-07-08
"Ronnie Proctor",2012-05-12,2010-12-13,2012-05-21,2010-12-15
"Dwight Hwang",2012-12-29,2011-05-26,2012-12-31,2011-05-26
"Melanie Garner",2012-12-25,2012-10-30,2012-12-26,2012-10-31
"Lorraine Houston",2012-12-25,2012-12-25,2012-12-27,2012-12-27
"Meredith Norris Thomas",2011-10-04,2011-10-04,2011-10-05,2011-10-05
"Marcus Dunlap",2010-08-15,2010-08-15,2010-08-17,2010-08-17
"Kara Pace",2012-02-24,2012-02-24,2012-02-26,2012-02-26
"Gwendolyn F Tyson",2013-05-12,2010-05-12,2013-05-13,2010-05-13
"Timothy Reese",2013-01-21,2010-04-08,2013-01-23,2010-04-09
"Sarah Ramsey",2013-02-12,2010-02-12,2013-02-15,2010-02-14
"Florence Hsu Schwarz",2012-04-06,2011-04-20,2012-04-08,2011-04-24
"Laurie Hanna",2013-10-02,2010-05-15,2013-10-04,2010-05-16
"Jim Rodgers",2010-05-21,2010-05-21,2010-05-23,2010-05-23
"Marion Nolan Kaplan",2013-03-07,2012-05-31,2013-03-08,2012-06-01
"Tony Wilkins Winters",2013-10-02,2010-05-15,2013-10-04,2010-05-16
"Lynn Moss",2013-11-18,2011-11-11,2013-11-25,2011-11-12
"Edna Thomas",2013-01-13,2010-01-28,2013-01-14,2010-01-29
"Virginia Hardison",2013-07-02,2012-04-18,2013-07-04,2012-04-20
"Marguerite Kane",2013-12-11,2012-06-27,2013-12-12,2012-06-29
"Guy Gallagher",2013-11-02,2010-11-02,2013-11-04,2010-11-04
"Ronnie McNamara",2013-04-14,2011-01-22,2013-04-16,2011-01-23
"Elizabeth Walker",2013-01-30,2011-01-30,2013-01-31,2011-02-01
"Alice Capps",2012-08-11,2012-08-11,2012-08-13,2012-08-13
"Matthew Berman",2013-06-12,2010-02-22,2013-06-14,2010-02-23
"Ricky Hensley",2013-08-16,2010-06-15,2013-08-18,2010-06-16
"Milton Bland",2013-05-28,2012-11-27,2013-06-02,2012-11-28
"Ray Morgan",2012-11-27,2012-11-27,2012-11-29,2012-11-29
"Stacy Chandler",2012-11-27,2012-11-27,2012-11-30,2012-11-30
"Ian L O'Donnell",2013-06-12,2011-07-03,2013-06-15,2011-07-04
"Seth Grimes",2013-03-21,2013-03-21,2013-03-23,2013-03-23
"Alexandra Fuller",2013-11-26,2012-11-05,2013-11-29,2012-11-06
"Theodore Moran",2013-08-30,2010-11-10,2013-09-01,2010-11-11
"Melinda Sloan",2012-09-23,2012-02-24,2012-09-23,2012-02-26
"Anne Nguyen",2012-09-23,2012-09-23,2012-09-25,2012-09-25
"Geoffrey Hewitt",2013-01-11,2011-08-15,2013-01-12,2011-08-15
"Terri Lyons",2013-10-06,2011-03-29,2013-10-08,2011-03-29
"Dawn Bailey",2011-03-29,2011-03-29,2011-04-01,2011-04-01
"Lorraine Kelly",2012-11-06,2010-09-10,2012-11-07,2010-09-10
"Sidney Russell Austin",2013-02-19,2010-07-28,2013-02-21,2010-07-30
"Marvin Hawley",2013-04-10,2011-10-06,2013-04-14,2011-10-07
"Randall Montgomery",2013-12-27,2010-10-20,2013-12-30,2010-10-21
"Kimberly Epstein",2012-01-21,2012-01-21,2012-01-23,2012-01-23
"Rose Lassiter",2013-04-03,2013-02-23,2013-04-04,2013-02-25
"Sheila Warren",2013-07-21,2012-06-10,2013-07-21,2012-06-12
"Charlotte Stanton",2013-11-11,2011-11-18,2013-11-14,2011-11-18
"Pam Gilbert",2013-12-12,2010-11-09,2013-12-14,2010-11-11
"Gene Diaz",2013-06-07,2013-03-07,2013-06-14,2013-03-16
"Lynn Morrow",2013-08-26,2010-03-02,2013-08-28,2010-03-02
"Jenny Sanchez",2012-05-02,2012-05-02,2012-05-03,2012-05-03
"Arlene Rouse",2013-06-12,2012-05-02,2013-06-13,2012-05-04
"Ellen McCormick",2013-03-12,2010-01-02,2013-03-14,2010-01-09
"Scott Bunn",2013-06-12,2010-01-02,2013-06-13,2010-01-02
"Carrie House",2012-05-02,2012-05-02,2012-05-03,2012-05-03
"Annette Boone",2010-02-02,2010-02-02,2010-02-04,2010-02-04
"Amanda Hardy Singleton",2012-08-12,2012-08-12,2012-08-19,2012-08-19
"April Winters",2013-10-28,2013-10-28,2013-10-30,2013-10-30
"Mark Manning",2012-12-10,2012-12-10,2012-12-12,2012-12-12
"Tamara Yates",2012-04-11,2012-04-11,2012-04-13,2012-04-13
"Glen Weeks",2012-04-11,2012-04-11,2012-04-12,2012-04-12
"Jan Kaufman Parrish",2012-04-11,2012-04-11,2012-04-13,2012-04-13
"Hannah Grant",2012-04-11,2012-04-11,2012-04-12,2012-04-12
"Sam Carlson",2012-07-16,2011-02-06,2012-07-17,2011-02-06
"Dale Hahn",2013-01-04,2012-07-16,2013-01-05,2012-07-17
"Edgar Stone",2013-09-01,2010-03-15,2013-09-03,2010-03-15
"Helen Stein",2013-09-30,2010-02-02,2013-10-01,2010-02-03
"Hazel Graham",2013-04-19,2011-04-10,2013-04-21,2011-04-19
"Norman Shields",2013-04-15,2010-06-03,2013-04-17,2010-06-08
"Phillip Clapp",2011-12-13,2011-12-13,2011-12-15,2011-12-15
"Katie Watson",2012-02-07,2012-02-07,2012-02-07,2012-02-07
"Wallace Werner",2012-09-08,2010-05-17,2012-09-13,2010-05-18
"Victoria Baker Hoover",2013-11-22,2010-05-17,2013-11-23,2010-05-18
"Vicki Shannon",2013-09-01,2011-11-22,2013-09-03,2011-11-24
"Eddie House Mueller",2013-12-09,2010-11-03,2013-12-10,2010-11-05
"Kristin Hunt",2013-03-19,2012-10-08,2013-03-21,2012-10-10
"Vincent Lindsay",2013-03-13,2011-08-21,2013-03-14,2011-08-22
"Max McKenna",2013-12-09,2010-11-03,2013-12-10,2010-11-04
"Sarah Cooke Anthony",2013-04-12,2013-04-12,2013-04-16,2013-04-16
"Theresa Hansen",2011-02-23,2011-02-23,2011-02-25,2011-02-25
"Monica Daly",2013-02-14,2013-02-14,2013-02-15,2013-02-15
"Claudia Boyle",2012-04-24,2010-06-22,2012-04-26,2010-06-24
"Caroline Johnston",2013-02-14,2010-04-06,2013-02-15,2010-04-07
"Alexander Hendricks",2011-02-23,2011-02-23,2011-02-25,2011-02-25
"Annette Ferrell",2011-02-23,2011-02-23,2011-02-24,2011-02-24
"Oscar Monroe",2013-02-23,2013-02-23,2013-02-24,2013-02-24
"Harry Faulkner",2011-03-09,2011-03-09,2011-03-10,2011-03-10
"Lois Hamilton",2010-04-06,2010-04-06,2010-04-07,2010-04-07
"Fred Sharma",2011-06-29,2011-06-29,2011-07-01,2011-07-01
"Tom McFarland",2010-06-22,2010-06-22,2010-06-23,2010-06-23
"Stanley Kessler",2011-02-23,2011-02-23,2011-02-24,2011-02-24
"Claire Quinn",2013-02-14,2013-02-14,2013-02-15,2013-02-15
"Louis Adkins",2011-06-29,2011-06-29,2011-06-30,2011-06-30
"Kathryn Norton",2011-03-09,2011-03-09,2011-03-10,2011-03-10
"Ron Newton",2013-12-26,2010-01-03,2013-12-28,2010-01-04
"Dwight M Carr",2013-08-16,2010-04-09,2013-08-18,2010-04-11
"Frances Grant",2013-04-09,2013-04-09,2013-04-16,2013-04-16
"Linda Weiss",2013-12-26,2010-01-03,2013-12-28,2010-01-04
"Judy Kennedy",2013-04-18,2011-12-17,2013-04-22,2011-12-19
"Helen H Murphy",2012-08-11,2010-07-12,2012-08-13,2010-07-13
"Miriam Proctor",2013-08-30,2012-04-11,2013-08-31,2012-04-12
"Shawn Stern",2013-10-09,2010-10-09,2013-10-11,2010-10-10
"Linda Faulkner",2013-08-29,2012-10-06,2013-08-31,2012-10-08
"James Osborne",2013-08-29,2011-09-10,2013-08-31,2011-09-10
"Ross Wang Bates",2013-09-10,2013-05-07,2013-09-11,2013-05-09
"Kara Allison",2013-11-29,2010-07-27,2013-11-30,2010-07-28
"Norman Owens",2013-01-11,2012-06-03,2013-01-13,2012-06-05
"Ron Dillon",2013-11-30,2011-09-20,2013-12-02,2011-09-21
"Gayle Keith",2013-05-08,2011-03-14,2013-05-08,2011-03-21
"Natalie Raynor",2013-11-30,2013-11-30,2013-12-02,2013-12-02
"Dale Gillespie",2013-11-16,2010-11-16,2013-11-19,2010-11-17
"Kristen Hinton",2012-10-26,2012-10-26,2012-10-27,2012-10-27
"Kevin Schmidt",2013-02-09,2013-02-09,2013-02-13,2013-02-13
"Elsie Hewitt",2012-12-31,2012-12-31,2013-01-02,2013-01-02
"Toni Daly",2012-01-24,2011-01-14,2012-01-26,2011-01-15
"Brooke Weeks Taylor",2010-06-02,2010-06-02,2010-06-03,2010-06-03
"Leigh Ivey",2012-01-24,2012-01-24,2012-01-26,2012-01-26
"Marguerite Moss",2010-06-02,2010-06-02,2010-06-03,2010-06-03
"Rhonda Ivey",2013-09-02,2010-01-15,2013-09-03,2010-01-17
"Yvonne Fox",2013-10-23,2010-09-12,2013-10-25,2010-09-13
"Bryan Pate",2013-06-02,2013-06-02,2013-06-03,2013-06-03
"Sidney Cox",2012-07-22,2012-07-22,2012-07-22,2012-07-22
"Stuart Chan",2011-09-24,2011-09-24,2011-09-27,2011-09-27
"Geoffrey Zhu",2012-10-04,2010-01-22,2012-10-06,2010-01-23
"Kent Kerr",2013-03-21,2010-01-15,2013-03-30,2010-01-16
"Glenda Rosen",2013-10-30,2012-04-23,2013-11-01,2012-04-25
"Marion Jordan",2013-08-28,2012-09-04,2013-08-30,2012-09-06
"Diana Xu",2013-02-02,2010-05-14,2013-02-07,2010-05-15
"Terry Benson",2013-02-02,2013-01-21,2013-02-07,2013-01-28
"Gail Welch",2013-09-08,2011-06-04,2013-09-09,2011-06-08
"Edgar Oakley",2013-05-26,2013-05-26,2013-05-28,2013-05-27
"Erin Erickson",2013-11-21,2013-01-16,2013-11-23,2013-01-20
"Jeff Bunn",2013-05-29,2011-11-04,2013-05-31,2011-11-06
"Robin Kramer Vaughn",2013-03-08,2010-07-02,2013-03-09,2010-07-03
"Vicki Hauser",2012-02-13,2010-01-11,2012-02-15,2010-01-18
"Carla Braun",2012-12-17,2011-06-23,2012-12-18,2011-06-24
"Janice Cole",2013-08-08,2010-01-03,2013-08-08,2010-01-05
"Christopher Carlton",2011-03-16,2011-03-16,2011-03-18,2011-03-18
"Christina Matthews",2010-04-13,2010-04-13,2010-04-15,2010-04-15
"Norman Sawyer",2013-01-12,2011-07-14,2013-01-15,2011-07-16
"Amanda Huang",2011-08-11,2011-07-17,2011-08-11,2011-07-18
"Angela Bernstein",2013-04-20,2011-04-20,2013-04-20,2011-04-22
"Brent Walters",2013-02-01,2011-03-09,2013-02-03,2011-03-09
"Sheryl Alexander",2013-10-04,2011-02-26,2013-10-07,2011-02-27
"Harold Briggs",2013-12-12,2012-12-24,2013-12-14,2012-12-24
"Wesley Waller",2013-12-23,2010-02-21,2013-12-24,2010-02-21
"Ryan Mann",2012-03-21,2012-03-21,2012-03-23,2012-03-23
"Dan Carver",2013-12-23,2013-12-23,2013-12-24,2013-12-24
"Phillip Holmes",2010-02-21,2010-02-21,2010-02-21,2010-02-21
"Carolyn Blackwell",2012-01-16,2012-01-16,2012-01-16,2012-01-16
"Johnny Finley",2011-11-03,2011-11-03,2011-11-04,2011-11-04
"Yvonne Faircloth",2011-03-19,2011-03-19,2011-03-21,2011-03-21
"Alex Harrell",2010-11-22,2010-11-22,2010-11-23,2010-11-22
"Lloyd Norris",2010-08-12,2010-08-12,2010-08-13,2010-08-13
"Gerald Kearney",2013-03-03,2010-08-12,2013-03-04,2010-08-15
"Danny Hong",2010-09-30,2010-01-03,2010-10-01,2010-01-05
"Tammy Goldman",2013-12-09,2010-01-10,2013-12-10,2010-01-11
"Jason Knox",2013-03-09,2011-06-04,2013-03-11,2011-06-04
"Holly Chu",2013-12-29,2011-01-05,2013-12-30,2011-01-07
"Samantha Weaver",2013-09-05,2010-10-02,2013-09-08,2010-10-04
"Leroy Blanchard",2013-12-29,2010-10-02,2013-12-30,2010-10-04
"Martha Pridgen",2013-09-02,2012-01-27,2013-09-04,2012-01-29
"Max Small",2011-02-10,2010-04-27,2011-02-13,2010-04-28
"Bob Epstein",2012-05-24,2011-05-16,2012-05-25,2011-05-16
"Priscilla Owen",2012-08-30,2012-08-30,2012-09-02,2012-09-02
"Toni Olsen",2012-01-21,2012-01-21,2012-01-21,2012-01-21
"Tammy Brandon",2013-03-01,2013-03-01,2013-03-03,2013-03-03
"Floyd Dale",2012-10-20,2010-07-17,2012-10-22,2010-07-21
"Anna Wood",2013-11-12,2010-07-06,2013-11-14,2010-07-08
"Milton Clarke",2013-09-20,2011-02-21,2013-09-21,2011-02-22
"Jose Gates Rodriguez",2012-11-27,2011-07-21,2012-11-29,2011-07-21
"Vicki O'Donnell",2013-12-21,2013-02-19,2013-12-22,2013-02-21
"Tonya B Horne",2012-02-22,2011-06-06,2012-02-28,2011-06-06
"Billy Odom",2013-08-28,2011-09-13,2013-08-29,2011-09-20
"Frances Saunders",2010-12-09,2010-12-09,2010-12-11,2010-12-11
"Jacob Kirby",2012-08-31,2012-05-06,2012-09-01,2012-05-07
"Colleen Wilcox",2013-06-27,2011-06-27,2013-06-29,2011-06-28
"Joe Nicholson",2012-01-11,2012-01-11,2012-01-13,2012-01-11
"Evan Currie",2012-02-18,2012-02-18,2012-02-21,2012-02-21
"Hazel Britt",2012-01-31,2012-01-31,2012-02-01,2012-02-01
"Heather Fleming",2013-05-12,2013-05-12,2013-05-12,2013-05-12
"Stacey Glenn",2012-01-31,2012-01-31,2012-02-01,2012-02-01
"Colleen Andrews",2011-09-22,2010-04-02,2011-09-24,2010-04-03
"Jack Horne",2012-01-05,2012-01-05,2012-01-07,2012-01-06
"Sandy Holmes",2012-08-19,2011-08-04,2012-08-21,2011-08-04
"Michele Bullard",2010-02-20,2010-02-20,2010-02-22,2010-02-21
"Don Cameron",2013-08-06,2010-02-05,2013-08-10,2010-02-06
"Shawn McIntyre",2013-09-22,2010-02-22,2013-09-27,2010-02-22
"Amanda Helms",2012-03-01,2012-03-01,2012-03-06,2012-03-03
"Tamara Fischer",2013-05-05,2012-08-25,2013-05-07,2012-08-26
"Gilbert Scarborough",2013-09-19,2010-04-20,2013-09-20,2010-04-20
"Amy Ellis Holder",2013-04-09,2010-04-20,2013-04-10,2010-04-21
"Betsy Hendricks",2013-10-25,2011-05-01,2013-10-27,2011-05-01
"Marie Fitzgerald",2013-10-18,2013-10-18,2013-10-22,2013-10-22
"Julie Pruitt",2013-12-24,2013-02-19,2013-12-26,2013-02-21
"Marshall Brandt Briggs",2013-01-13,2010-08-23,2013-01-15,2010-08-23
"Anthony Han",2013-01-13,2011-04-22,2013-01-15,2011-04-23
"Brenda Nelson Blanchard",2012-03-12,2010-11-28,2012-03-22,2010-11-29
"Joann Davidson Rich",2013-12-02,2012-03-12,2013-12-02,2012-03-12
"Steven McDowell",2013-12-02,2013-12-02,2013-12-05,2013-12-05
"Brett Hawkins",2013-12-28,2010-12-10,2013-12-30,2010-12-11
"Cheryl Curtis",2013-02-17,2011-02-20,2013-02-22,2011-02-20
"Irene Li",2013-05-23,2010-01-31,2013-05-26,2010-02-02
"Allan Shields",2013-07-02,2010-07-02,2013-07-03,2010-07-04
"Edward Pugh",2013-11-17,2010-01-19,2013-11-18,2010-01-19
"Brenda Gonzalez",2011-04-24,2011-04-24,2011-04-26,2011-04-25
"Leah MacDonald",2013-10-15,2011-01-26,2013-10-16,2011-01-28
"Carlos Hess",2013-08-15,2010-01-21,2013-08-17,2010-01-23
"Erik Harmon",2013-05-07,2013-05-07,2013-05-09,2013-05-09
"Ross Frederick",2010-11-15,2010-05-18,2010-11-16,2010-05-20
"Marilyn Blalock",2013-09-05,2013-09-05,2013-09-08,2013-09-06
"James Beck",2010-04-07,2010-04-07,2010-04-14,2010-04-12
"Calvin Boyette",2012-06-25,2010-12-05,2012-06-27,2010-12-07
"Robyn White",2013-08-12,2011-07-04,2013-08-16,2011-07-04
"Sam Rouse",2012-10-31,2010-03-30,2012-11-02,2010-03-31
"Eleanor Swain",2013-12-05,2010-04-07,2013-12-12,2010-04-12
"Valerie Rice",2013-05-24,2012-02-13,2013-05-26,2012-02-14
"Roger Blalock Cassidy",2010-07-24,2010-07-24,2010-07-25,2010-07-25
"Lucille Rankin",2010-05-21,2010-05-21,2010-05-22,2010-05-22
"Hazel Herman",2013-06-11,2013-06-11,2013-06-12,2013-06-12
"Marc Hoover",2012-06-29,2012-06-29,2012-06-30,2012-06-30
"Kevin Melvin",2012-06-29,2012-06-29,2012-07-01,2012-07-01
"Greg Walsh",2012-02-13,2012-02-13,2012-02-15,2012-02-15
"Fred H Proctor",2012-03-26,2012-03-26,2012-03-27,2012-03-27
"Vickie Andrews",2010-05-21,2010-05-21,2010-05-22,2010-05-22
"Pauline Boyette",2010-12-17,2010-12-17,2010-12-18,2010-12-18
"Jerome Cummings",2012-02-13,2012-02-13,2012-02-14,2012-02-14
"Virginia Gay",2010-06-17,2010-06-17,2010-06-21,2010-06-21
"Bruce Norton",2013-01-22,2011-01-18,2013-01-24,2011-01-20
"Patricia Cole Blair",2013-07-28,2010-07-16,2013-07-28,2010-07-18
"Sara O'Connor",2013-09-25,2010-09-25,2013-09-26,2010-09-26
"Norma Oliver",2012-11-12,2012-06-08,2012-11-14,2012-06-08
"Brian Meadows",2012-06-08,2012-06-08,2012-06-10,2012-06-09
"Rose Reed",2012-07-14,2012-07-14,2012-07-16,2012-07-16
"Gloria Quinn",2011-11-29,2011-11-29,2011-11-29,2011-11-29
"Seth Rosenberg",2013-12-19,2013-12-19,2013-12-21,2013-12-21
"Stacy Price",2011-11-29,2011-11-29,2011-12-01,2011-12-01
"Eugene Terrell",2012-07-14,2012-07-14,2012-07-16,2012-07-16
"Joshua Underwood",2011-09-10,2011-09-10,2011-09-11,2011-09-11
"Larry W Lehman",2013-08-07,2013-08-07,2013-08-11,2013-08-11
"Valerie Whitfield",2013-09-06,2013-09-06,2013-09-07,2013-09-06
"Bill Bowers Li",2013-10-01,2013-02-08,2013-10-03,2013-02-10
"Alexandra Duke",2013-10-14,2013-02-27,2013-10-17,2013-03-01
"Gayle Christian",2013-07-22,2011-05-11,2013-07-23,2011-05-13
"Thomas McAllister",2013-03-30,2010-08-14,2013-04-02,2010-08-15
"Roy Love",2013-10-29,2011-05-26,2013-10-31,2011-05-26
"Glen Caldwell",2013-10-29,2010-08-14,2013-10-31,2010-08-15
"Florence Clayton",2013-06-22,2011-05-11,2013-06-23,2011-05-12
"Caroline Ingram",2011-05-11,2011-05-11,2011-05-13,2011-05-13
"Ruth Stout",2013-12-07,2011-07-21,2013-12-12,2011-07-26
"Ruby Gibbons",2013-03-17,2010-03-20,2013-03-18,2010-03-22
"Benjamin Kaufman",2010-03-20,2010-03-20,2010-03-20,2010-03-20
"Katherine Kearney",2013-11-17,2010-06-17,2013-11-19,2010-06-18
"Timothy Barker",2012-11-24,2012-11-24,2012-11-25,2012-11-25
"Jenny Henry",2013-05-14,2013-05-14,2013-05-15,2013-05-15
"Arthur Lowe Nash",2010-10-04,2010-10-04,2010-10-09,2010-10-09
"Regina Kelley",2013-02-11,2013-02-11,2013-02-12,2013-02-12
"Lester Stuart",2013-12-03,2011-08-09,2013-12-05,2011-08-10
"Brenda May",2013-08-28,2010-12-09,2013-08-30,2010-12-10
"Sherri McKinney",2011-09-25,2011-09-25,2011-09-27,2011-09-26
"Faye Dyer",2010-04-14,2010-04-14,2010-04-15,2010-04-15
"Victoria Reed",2012-10-25,2012-10-25,2012-10-27,2012-10-27
"Bradley Pollock",2010-04-14,2010-04-14,2010-04-16,2010-04-16
"Rhonda Cummings",2012-10-25,2012-10-25,2012-10-27,2012-10-27
"Karl Holloway",2013-08-28,2013-08-28,2013-08-28,2013-08-28
"Curtis O'Connell",2010-05-04,2010-05-04,2010-05-05,2010-05-04
"Emma Sparks",2012-12-02,2011-09-05,2012-12-03,2011-09-05
"Jonathan Cheng",2013-11-16,2013-08-09,2013-11-17,2013-08-10
"Bobby Clements",2013-04-29,2010-09-17,2013-05-01,2010-09-18
"Wanda Link Fuller",2013-12-06,2013-12-06,2013-12-07,2013-12-07
"Donna Ross",2013-10-28,2013-10-28,2013-11-04,2013-11-04
"Jacqueline Noble",2013-10-28,2010-11-04,2013-11-04,2010-11-06
"Lynn Epstein",2010-07-31,2010-07-31,2010-08-01,2010-08-01
"Rosemary English",2010-11-04,2010-11-04,2010-11-06,2010-11-06
"Theresa Haynes",2013-02-15,2013-02-15,2013-02-22,2013-02-22
"Walter Jensen",2013-03-08,2013-03-08,2013-03-09,2013-03-09
"Alexandra Lambert",2013-10-28,2013-10-28,2013-10-30,2013-10-30
"Justin Kennedy",2013-02-15,2013-02-15,2013-02-17,2013-02-17
"Kim Weiss",2012-12-10,2010-06-09,2012-12-11,2010-06-11
"Holly Carey",2012-04-13,2012-04-13,2012-04-14,2012-04-14
"Juanita Coley Knox",2012-12-10,2010-06-09,2012-12-11,2010-06-11
"Bonnie Chambers",2010-05-14,2010-05-14,2010-05-21,2010-05-14
"Joanna Hill",2013-05-26,2011-10-03,2013-05-28,2011-10-07
"Grace Vaughn",2013-11-12,2011-11-26,2013-11-13,2011-11-27
"Barbara McNamara",2013-08-26,2010-11-24,2013-08-28,2010-11-25
"Chris F Brandt",2013-10-23,2010-01-09,2013-10-25,2010-01-16
"Lindsay Shepherd",2013-01-07,2011-01-01,2013-01-11,2011-01-03
"Veronica Francis",2011-10-07,2011-10-07,2011-10-09,2011-10-09
"Warren Gibbs",2013-05-13,2013-05-13,2013-05-14,2013-05-14
"Erica Lyon",2011-03-25,2011-03-25,2011-03-27,2011-03-27
"Evan Snow",2013-05-13,2013-05-13,2013-05-15,2013-05-15
"Chris Bernstein",2013-05-13,2013-05-13,2013-05-15,2013-05-15
"Patrick Rosenthal",2010-01-17,2010-01-17,2010-01-19,2010-01-19
"Richard Keller",2013-04-09,2013-04-09,2013-04-12,2013-04-12
"Troy Moon",2013-08-14,2010-10-11,2013-08-16,2010-10-13
"Sam Oh",2010-05-27,2010-05-27,2010-05-29,2010-05-29
"Roberta Mullins Peters",2010-05-27,2010-05-27,2010-05-29,2010-05-29
"Doris Tyson",2012-10-18,2012-10-18,2012-10-20,2012-10-20
"Jeanne Werner",2013-03-11,2010-03-14,2013-03-13,2010-03-15
"Kathy Cooke",2012-10-09,2012-10-09,2012-10-11,2012-10-10
"Sandra Sharma",2013-03-14,2010-03-14,2013-03-16,2010-03-15
"Sylvia Bush",2012-05-17,2010-10-17,2012-05-18,2010-10-17
"Cindy Ennis",2013-02-06,2012-05-17,2013-02-08,2012-05-18
"Marian Bryant",2013-10-23,2011-07-31,2013-10-25,2011-07-31
"Danielle Watts",2012-11-19,2010-05-01,2012-11-20,2010-05-01
"Wesley Dudley",2012-01-28,2011-05-25,2012-01-30,2011-05-25
"Renee Alston",2011-07-31,2010-03-19,2011-08-01,2010-03-19
"Jose High",2013-01-21,2011-12-07,2013-01-21,2011-12-08
"Sue Nichols",2013-09-02,2011-12-07,2013-09-03,2011-12-09
"Angela Howe",2011-12-14,2010-12-12,2011-12-16,2010-12-14
"Roger Schwartz",2013-09-24,2010-01-03,2013-09-24,2010-01-05
"Joel Buckley",2013-10-13,2010-02-06,2013-10-14,2010-02-10
"Suzanne Shannon",2013-09-04,2011-11-09,2013-09-05,2011-11-09
"Erica R Fuller",2013-03-05,2010-03-05,2013-03-07,2010-03-07
"Shawn Combs",2013-07-02,2010-02-15,2013-07-03,2010-02-22
"Kristin Simpson",2013-04-29,2012-02-10,2013-05-01,2012-02-10
"Monica McCormick",2013-09-04,2010-12-18,2013-09-06,2010-12-19
"Denise Carver",2013-05-25,2010-02-02,2013-05-27,2010-02-03
"Bruce Stark",2013-11-23,2010-11-23,2013-11-25,2010-11-25
"Sheryl Law",2013-10-15,2012-03-19,2013-10-17,2012-03-20
"Teresa Brewer",2012-09-22,2011-04-03,2012-09-23,2011-04-03
"Andrew Todd",2013-09-27,2012-10-01,2013-10-04,2012-10-01
"Toni Christian",2011-04-03,2011-04-03,2011-04-08,2011-04-08
"Laura Carver Branch",2013-09-27,2013-03-28,2013-10-02,2013-03-29
"Ricky Hess",2013-03-28,2013-03-28,2013-03-29,2013-03-29
"June Frank Hammond",2010-05-21,2010-05-21,2010-05-22,2010-05-22
"Calvin Parsons Walter",2013-09-23,2010-11-02,2013-09-25,2010-11-06
"Diane Shah",2011-02-15,2011-02-15,2011-02-17,2011-02-17
"Carolyn Proctor",2010-05-04,2010-05-04,2010-05-07,2010-05-07
"Paige Bowden",2011-05-14,2011-05-14,2011-05-15,2011-05-15
"Mildred Mullen",2011-06-01,2011-06-01,2011-06-08,2011-06-08
"Terry Christian",2011-06-01,2011-06-01,2011-06-03,2011-06-03
"Jimmy Woodward",2011-05-14,2011-05-14,2011-05-15,2011-05-15
"Mike Pollard",2013-08-14,2012-03-16,2013-08-16,2012-03-16
"Lester Cho",2011-10-10,2011-01-17,2011-10-15,2011-01-18
"Amy Hale",2011-01-17,2011-01-17,2011-01-18,2011-01-18
"Bernard Block Petersen",2012-08-24,2012-08-24,2012-08-26,2012-08-26
"Scott Feldman",2010-02-06,2010-02-06,2010-02-08,2010-02-08
"Gretchen Zimmerman",2013-10-10,2013-10-10,2013-10-14,2013-10-14
"Alexander Baker",2011-10-10,2011-10-10,2011-10-14,2011-10-14
"Marion Kaplan",2012-08-24,2012-08-24,2012-08-31,2012-08-31
"Marc Cochran",2013-03-23,2013-03-23,2013-03-25,2013-03-25
"Annie McLaughlin",2013-01-25,2011-06-06,2013-01-27,2011-06-07
"Ernest Barber",2013-11-15,2010-07-15,2013-11-15,2010-07-16
"Harvey Barrett",2013-06-01,2011-11-05,2013-06-08,2011-11-06
"Claude Meyer",2012-12-03,2012-11-21,2012-12-10,2012-11-22
"Peter Creech",2012-09-23,2012-09-23,2012-09-25,2012-09-25
"Brenda Klein",2013-07-19,2013-07-19,2013-07-22,2013-07-22
"Melinda Ross",2011-06-10,2011-06-10,2011-06-12,2011-06-12
"Elisabeth Bullock",2012-09-23,2012-09-23,2012-09-28,2012-09-28
"Lauren Lanier",2013-07-19,2013-07-19,2013-07-20,2013-07-20
"Alice Berger McIntyre",2010-06-22,2010-06-22,2010-06-27,2010-06-27
"Edwin Winters",2013-12-09,2013-12-09,2013-12-16,2013-12-16
"Jay Parker",2013-12-09,2013-12-09,2013-12-13,2013-12-13
"Cheryl Lester Coley",2013-12-09,2013-12-09,2013-12-18,2013-12-18
"Jack Durham",2011-06-10,2011-06-10,2011-06-12,2011-06-12
"Chris High",2013-10-08,2013-04-25,2013-10-10,2013-04-26
"Thelma Abrams",2013-11-25,2010-11-25,2013-11-25,2010-11-28
"Judy Barrett",2013-12-12,2010-04-11,2013-12-13,2010-04-13
"Valerie Moon",2010-06-25,2010-06-25,2010-06-28,2010-06-25
"Maria B Hanna",2013-05-03,2012-02-13,2013-05-04,2012-02-13
"Arlene Poe",2012-08-20,2011-12-27,2012-08-22,2011-12-29
"Joyce Murray",2013-05-21,2010-04-10,2013-05-22,2010-04-11
"Leslie Rowland",2012-10-03,2010-05-27,2012-10-05,2010-05-28
"George Terry",2013-12-27,2010-05-08,2013-12-28,2010-05-10
"Gayle Waller",2013-08-15,2012-05-31,2013-08-16,2012-06-02
"Jessica Garcia",2013-11-01,2013-11-01,2013-11-06,2013-11-06
"Eugene Womble",2013-06-10,2013-06-10,2013-06-11,2013-06-11
"Dan Barton",2013-11-01,2013-11-01,2013-11-05,2013-11-05
"Leslie Patton Combs",2013-05-14,2013-05-14,2013-05-16,2013-05-16
"Gail B Weinstein",2011-06-04,2011-06-04,2011-06-11,2011-06-11
"Anne Armstrong",2010-11-23,2010-11-23,2010-11-30,2010-11-30
"Glenn Jones",2013-11-01,2013-11-01,2013-11-05,2013-11-05
"Debbie Stevenson",2013-12-28,2010-07-14,2013-12-30,2010-07-16
"Patrick Rhodes",2013-10-18,2011-10-18,2013-10-20,2011-10-20
"Ricky Johnston",2013-10-18,2011-12-13,2013-10-23,2011-12-14
"Marc Nash",2010-01-11,2010-01-11,2010-01-11,2010-01-11
"Maria Thomas",2010-01-11,2010-01-11,2010-01-12,2010-01-12
"Craig Bennett",2010-01-11,2010-01-11,2010-01-12,2010-01-12
"Marion Bowling",2010-01-11,2010-01-11,2010-01-13,2010-01-13
"Tony Doyle",2010-01-11,2010-01-11,2010-01-11,2010-01-11
"Ross Simpson",2013-07-18,2010-02-08,2013-07-18,2010-02-08
"Donna Craven",2012-05-09,2010-02-08,2012-05-11,2010-02-08
"Rita Kahn Ward",2011-05-30,2011-05-30,2011-06-02,2011-06-02
"Rita Spivey",2012-02-14,2012-02-14,2012-02-15,2012-02-15
"Julian Skinner",2013-11-08,2012-11-26,2013-11-15,2012-11-28
"Randall Schneider",2011-11-24,2011-11-18,2011-11-26,2011-11-19
"Michael Wiggins",2013-03-14,2011-02-08,2013-03-15,2011-02-09
"Tim Moore",2013-03-14,2011-02-08,2013-03-15,2011-02-09
"Max Ross Finch",2012-11-29,2011-10-29,2012-11-30,2011-10-30
"Marion Stephenson",2012-12-24,2012-07-04,2012-12-28,2012-07-05
"Edgar McKenzie",2013-05-21,2010-07-27,2013-05-22,2010-07-28
"Edward Leonard",2013-10-30,2010-03-18,2013-11-03,2010-03-20
"Tracey Gross",2013-10-11,2011-09-20,2013-10-13,2011-09-22
"Molly Vincent",2010-05-18,2010-05-18,2010-05-19,2010-05-19
"Ronnie Creech",2010-05-18,2010-05-18,2010-05-20,2010-05-20
"Eileen Cheek",2010-05-18,2010-05-18,2010-05-18,2010-05-18
"Jeff Lassiter",2013-10-30,2013-10-30,2013-11-04,2013-11-04
"Toni Swanson",2013-07-27,2010-05-15,2013-08-05,2010-05-17
"Courtney Weber",2013-09-10,2011-09-10,2013-09-11,2011-09-12
"Douglas Buck",2010-07-20,2010-07-20,2010-07-22,2010-07-21
"Jimmy Alston Holder",2013-07-27,2010-05-15,2013-08-01,2010-05-17
"Douglas Gay",2013-04-08,2011-02-11,2013-04-10,2011-02-12
"Steve McKee",2013-04-08,2010-11-14,2013-04-10,2010-11-16
"Anne Coates",2013-05-21,2012-04-09,2013-05-22,2012-04-09
"Brenda Cowan",2013-05-31,2012-11-02,2013-06-07,2012-11-04
"Jacob Duncan",2013-08-09,2013-08-09,2013-08-09,2013-08-09
"Jeanne Woodruff",2013-03-28,2012-10-12,2013-03-30,2012-10-13
"Neil Arnold Kidd",2013-01-21,2013-01-07,2013-01-22,2013-01-12
"Teresa Boyette",2013-03-04,2013-03-04,2013-03-05,2013-03-05
"Carol Saunders",2013-03-04,2010-10-18,2013-03-06,2010-10-19
"Cameron Owens",2013-08-17,2010-02-23,2013-08-19,2010-02-23
"Gregory Rao",2013-01-13,2010-01-13,2013-01-18,2010-01-13
"Zachary Wu",2012-11-11,2012-11-11,2012-11-13,2012-11-13
"Tim Joseph Dennis",2012-04-02,2012-04-02,2012-04-07,2012-04-07
"Annette Sharpe",2012-11-11,2012-11-11,2012-11-13,2012-11-13
"Meredith Brandon",2013-09-03,2011-03-24,2013-09-05,2011-03-26
"Rosemary Foster",2012-11-11,2012-11-11,2012-11-13,2012-11-13
"Kristine Powell",2012-04-02,2012-04-02,2012-04-06,2012-04-06
"Mark Ritchie",2012-02-07,2010-12-05,2012-02-10,2010-12-12
"Beverly Keith",2012-07-12,2012-07-12,2012-07-19,2012-07-17
"Donald Montgomery",2013-08-07,2011-12-31,2013-08-08,2012-01-01
"Aaron Riggs",2013-02-18,2010-12-22,2013-02-18,2010-12-23
"Gina McKnight",2012-10-06,2010-07-20,2012-10-08,2010-07-22
"April Hu",2012-06-28,2010-05-25,2012-06-30,2010-05-27
"Victor Stevens",2012-04-21,2012-04-21,2012-04-22,2012-04-22
"Martha Jenkins",2011-05-11,2011-05-11,2011-05-13,2011-05-11
"Ian Bean",2013-02-12,2011-06-04,2013-02-13,2011-06-07
"Raymond Hampton",2013-04-10,2013-04-10,2013-04-12,2013-04-12
"Jamie Dixon",2012-02-05,2011-03-23,2012-02-06,2011-03-24
"Geoffrey Ayers",2013-11-07,2011-09-05,2013-11-08,2011-09-05
"Jill Clements",2011-09-05,2010-10-21,2011-09-08,2010-10-25
"Nelson Coley",2013-08-05,2012-10-10,2013-08-07,2012-10-12
"Alice Coley",2010-11-14,2010-11-14,2010-11-15,2010-11-15
"Ruth Lamm",2013-08-02,2010-11-14,2013-08-03,2010-11-16
"Jim Shah",2012-12-21,2011-05-10,2012-12-23,2011-05-11
"Theodore Goldstein",2013-11-22,2012-06-03,2013-11-29,2012-06-05
"Doris Starr",2013-10-09,2011-07-27,2013-10-11,2011-07-28
"Pam Francis",2013-04-17,2011-07-29,2013-04-20,2011-07-31
"Henry Ball",2011-07-04,2010-12-14,2011-07-06,2010-12-15
"Dennis Boykin Townsend",2013-12-04,2010-07-20,2013-12-06,2010-07-20
"Edna Monroe Talley",2013-01-28,2010-07-30,2013-01-29,2010-07-31
"Peggy Chan",2013-11-04,2010-07-30,2013-11-06,2010-08-01
"Roger Liu",2012-11-13,2011-08-13,2012-11-14,2011-08-14
"Kristine Connolly",2013-05-30,2010-01-28,2013-06-01,2010-01-29
"Lillian Baldwin",2011-09-19,2011-09-19,2011-09-21,2011-09-19
"Walter Young",2013-02-27,2010-08-21,2013-03-01,2010-08-21
"Kristina Sanders",2013-05-30,2010-01-28,2013-06-01,2010-01-28
"Lucy Pennington",2012-09-17,2012-09-17,2012-09-19,2012-09-19
"Harvey McDonald",2013-03-16,2011-12-24,2013-03-16,2011-12-26
"Hazel Walters",2013-04-22,2013-04-22,2013-04-24,2013-04-24
"Bruce Morton",2012-06-17,2011-08-24,2012-06-18,2011-08-26
"Keith Fowler",2013-11-21,2011-01-25,2013-11-28,2011-01-26
"Marjorie Pope",2013-11-21,2011-01-25,2013-11-28,2011-01-26
"Andrea Oakley",2012-03-09,2012-03-09,2012-03-14,2012-03-11
"Stephanie Pruitt",2012-03-23,2011-01-14,2012-03-24,2011-01-15
"Peter McConnell",2013-12-04,2010-03-04,2013-12-08,2010-03-05
"Andrew Warren",2011-10-09,2011-10-09,2011-10-11,2011-10-11
"Katharine Bass",2012-07-29,2010-07-13,2012-07-31,2010-07-13
"Nancy White",2013-06-29,2012-09-05,2013-07-08,2012-09-10
"Vanessa Winstead",2011-08-30,2010-03-13,2011-08-31,2010-03-14
"Bernice Stanley",2013-11-01,2013-07-03,2013-11-02,2013-07-03
"Gordon Lyon",2013-03-23,2010-07-13,2013-03-25,2010-07-17
"Malcolm Kent",2011-03-13,2011-03-13,2011-03-14,2011-03-14
"Evan K Bullard",2010-05-13,2010-05-13,2010-05-14,2010-05-14
"Marlene Abrams",2010-05-13,2010-05-13,2010-05-15,2010-05-15
"Kathryn Patrick",2010-05-13,2010-05-13,2010-05-14,2010-05-14
"Eugene Curry",2013-06-24,2013-06-24,2013-06-26,2013-06-26
"Heather Rich McClure",2011-09-26,2011-09-26,2011-10-01,2011-10-01
"Michelle Allison",2011-03-09,2011-03-09,2011-03-18,2011-03-18
"Timothy Currie",2010-07-21,2010-07-21,2010-07-23,2010-07-23
"William Larson",2011-11-14,2010-05-13,2011-11-15,2010-05-14
"Katherine Stokes",2012-08-26,2012-08-26,2012-08-30,2012-08-30
"Herbert Barbour",2012-08-26,2012-08-26,2012-08-30,2012-08-30
"Sean Garner",2011-03-13,2011-03-13,2011-03-15,2011-03-15
"Kay Hendricks",2013-06-24,2013-06-24,2013-06-25,2013-06-25
"Evelyn Blair",2011-08-28,2011-08-28,2011-08-30,2011-08-30
"Eva Silverman",2011-11-08,2010-01-17,2011-11-13,2010-01-17
"Joel Huffman",2013-10-29,2010-01-17,2013-10-30,2010-01-19
"Charlie Moore",2013-10-30,2010-09-15,2013-11-01,2010-09-17
"Dana Desai",2013-06-28,2011-12-30,2013-06-30,2012-01-10
"Doris Fitzpatrick",2010-02-15,2010-02-15,2010-02-17,2010-02-16
"Alexandra Wise",2013-11-23,2010-12-10,2013-11-25,2010-12-10
"Beverly Barnett",2011-06-28,2011-06-28,2011-06-28,2011-06-28
"Vickie Morse",2013-04-08,2010-03-13,2013-04-08,2010-03-14
"Randall Bynum",2013-05-18,2011-02-11,2013-05-20,2011-02-15
"Gretchen Ball",2013-12-11,2010-02-03,2013-12-18,2010-02-05
"Lindsay P Ashley",2013-09-30,2010-03-14,2013-10-02,2010-03-15
"Alison Peters Wooten",2013-03-18,2010-03-14,2013-03-18,2010-03-15
"Tamara Cowan",2013-09-30,2011-01-11,2013-10-02,2011-01-13
"Clara Hauser",2013-09-16,2011-01-29,2013-09-18,2011-01-31
"Daniel Jones",2013-09-16,2011-03-01,2013-09-18,2011-03-02
"Shawn Adler",2013-09-14,2011-09-14,2013-09-16,2011-09-16
"Cathy Weber",2013-10-13,2012-02-24,2013-10-13,2012-02-25
"Lynda Martinez",2013-10-31,2011-09-17,2013-11-01,2011-09-18
"Ricky Kaufman",2012-11-21,2011-01-12,2012-11-23,2011-01-12
"Steven Herring",2011-04-11,2011-04-11,2011-04-12,2011-04-12
"Brett Schultz",2010-10-29,2010-10-29,2010-10-30,2010-10-30
"Robert Cowan",2013-08-18,2010-09-24,2013-08-20,2010-09-25
"Howard Rogers",2013-07-07,2010-07-07,2013-07-08,2010-07-08
"Heather Stern",2010-02-26,2010-02-26,2010-02-27,2010-02-27
"Hazel Khan",2010-02-26,2010-02-26,2010-02-28,2010-02-28
"Jenny Petty",2010-10-01,2010-10-01,2010-10-03,2010-10-03
"Terry Klein",2010-10-01,2010-10-01,2010-10-01,2010-10-01
"Ricky Whitley",2011-10-24,2011-10-24,2011-10-26,2011-10-26
"Scott McKenna",2012-04-25,2010-10-21,2012-04-25,2010-10-22
"Alan Griffith",2012-10-22,2011-02-06,2012-10-24,2011-02-07
"Eddie Riggs",2013-02-07,2012-10-28,2013-02-09,2012-10-30
"Patsy Kane Gardner",2013-01-16,2012-03-23,2013-01-17,2012-03-24
"Gene Harper Herring",2012-03-23,2012-03-23,2012-03-24,2012-03-24
"Juan Justice",2013-10-28,2010-10-05,2013-11-01,2010-10-05
"Gretchen Wiggins",2013-01-18,2011-01-18,2013-01-20,2011-01-20
"Christopher Bryant",2012-11-07,2010-03-20,2012-11-08,2010-03-24
"Brooke Shepherd",2012-06-12,2010-04-30,2012-06-19,2010-05-01
"Lois Rowland",2013-02-18,2010-02-14,2013-02-25,2010-02-15
"Neal Wolfe",2013-02-18,2010-02-14,2013-02-25,2010-02-15
"Jan Cross",2013-07-14,2011-07-14,2013-07-18,2011-07-18
"Phillip Wright",2013-06-26,2013-06-26,2013-07-05,2013-07-05
"Jessie Pugh",2013-06-17,2012-01-14,2013-06-24,2012-01-16
"Robin High",2013-06-17,2010-06-17,2013-06-19,2010-06-22
"Steve O'Brien",2010-06-21,2010-06-21,2010-06-22,2010-06-22
"Roger Meyer",2013-05-07,2010-11-29,2013-05-09,2010-11-30
"Leah Clapp",2010-08-15,2010-01-07,2010-08-22,2010-01-08
"Ann Katz",2013-04-16,2010-04-16,2013-04-18,2010-04-17
"Stacy Briggs",2011-03-16,2011-03-16,2011-03-18,2011-03-18
"Meredith B Sherrill",2011-12-19,2011-12-19,2011-12-20,2011-12-20
"Emma Hayes",2013-12-19,2013-12-19,2013-12-19,2013-12-19
"Derek McCormick",2010-01-19,2010-01-19,2010-01-21,2010-01-21
"Laurence Martinez Rodriguez",2013-10-03,2013-10-03,2013-10-05,2013-10-05
"Marjorie Arthur",2010-01-19,2010-01-19,2010-01-20,2010-01-20
"Emma Leach",2012-01-17,2011-06-08,2012-01-19,2011-06-10
"Hilda Bennett",2013-05-11,2010-11-29,2013-05-11,2010-12-01
"Denise Chapman",2013-04-09,2013-04-09,2013-04-11,2013-04-11
"Miriam Mueller",2013-05-06,2010-01-16,2013-05-06,2010-01-20
"Emily Sims",2013-05-06,2010-04-22,2013-05-08,2010-04-26
"Allison Kirby",2013-05-06,2010-01-16,2013-05-08,2010-01-20
"Amy Shea",2012-02-14,2010-09-20,2012-02-14,2010-09-21
"Lewis Baldwin",2013-03-26,2010-03-05,2013-03-28,2010-03-12
"Brian Leach",2013-02-24,2010-02-05,2013-02-24,2010-02-09
"Paula Joyce Browning",2012-07-28,2012-07-28,2012-08-06,2012-08-01
"Albert Frost",2013-03-12,2010-07-02,2013-03-13,2010-07-03
"Dolores Sigmon",2011-08-05,2011-08-05,2011-08-10,2011-08-09
"Kerry Small",2013-08-05,2013-08-05,2013-08-12,2013-08-07
"Edward McKenzie",2013-10-24,2010-04-22,2013-10-26,2010-04-23
"Katie Dougherty",2013-09-04,2010-09-04,2013-09-05,2010-09-05
"Laurence Poe",2013-09-29,2010-09-04,2013-10-06,2010-09-06
"Allison Cooke",2013-10-18,2013-10-18,2013-10-25,2013-10-25
"Seth Merrill",2012-09-07,2010-04-07,2012-09-09,2010-04-08
"Norman Burnette",2013-08-15,2011-06-05,2013-08-18,2011-06-07
"Pamela Levin",2012-01-10,2012-01-10,2012-01-15,2012-01-12
"Ashley Reese",2012-06-05,2010-05-16,2012-06-06,2010-05-16
"Tommy Honeycutt",2012-10-29,2010-02-04,2012-10-31,2010-02-05
"Alicia Curtis",2013-09-03,2010-03-21,2013-09-10,2010-03-22
"Richard McClure",2013-08-21,2010-03-25,2013-08-21,2010-03-25
"Cecil Bray Bush",2013-11-09,2011-04-25,2013-11-10,2011-04-26
"Alison Jacobson",2013-08-18,2011-06-07,2013-08-18,2011-06-10
"Johnny Reid",2013-03-27,2010-03-27,2013-03-28,2010-03-28
"Adam G Sawyer",2013-04-18,2010-03-27,2013-04-19,2010-03-28
"Nelson Hensley",2013-04-18,2010-03-27,2013-04-19,2010-03-28
"Jenny Gold",2013-12-13,2010-04-23,2013-12-15,2010-04-24
"Joseph Grossman",2010-11-20,2010-11-20,2010-11-21,2010-11-21
"Christine Gardner",2013-12-13,2011-07-09,2013-12-15,2011-07-09
"Kelly O'Connor",2012-12-25,2010-04-23,2012-12-27,2010-04-24
"Victor Knox",2011-12-15,2011-12-15,2011-12-17,2011-12-17
"Leo Jennings",2013-04-22,2013-04-22,2013-04-24,2013-04-24
"Laura Lyon",2011-10-22,2011-10-22,2011-10-24,2011-10-24
"Patrick Reilly",2013-04-22,2013-04-22,2013-04-24,2013-04-24
"William Raynor",2012-08-06,2012-08-06,2012-08-07,2012-08-07
"Marianne Sutton",2013-04-22,2013-04-22,2013-04-27,2013-04-27
"Benjamin Creech",2013-07-29,2013-07-29,2013-07-31,2013-07-31
"Glen Denton",2013-07-29,2013-07-29,2013-07-31,2013-07-31
"Pam Anthony",2010-06-06,2010-06-06,2010-06-08,2010-06-08
"Katie Wood",2011-07-23,2011-07-23,2011-07-24,2011-07-24
"Cecil Nicholson",2011-07-23,2011-07-23,2011-07-24,2011-07-24
"Seth Stanton",2013-06-06,2013-06-06,2013-06-07,2013-06-07
"Norma Kendall",2012-10-02,2011-04-10,2012-10-02,2011-04-12
"Calvin Strickland",2011-02-11,2011-02-11,2011-02-12,2011-02-11
"Jimmy Hsu",2013-09-10,2011-02-11,2013-09-12,2011-02-12
"Stephen Lam",2013-01-03,2010-08-31,2013-01-05,2010-09-02
"Melvin Duke",2013-02-10,2010-06-24,2013-02-11,2010-06-25
"Kara Tyler",2013-09-18,2013-09-18,2013-09-19,2013-09-19
"Beverly Cooke Brooks",2010-03-15,2010-03-15,2010-03-16,2010-03-16
"April Bond",2011-10-16,2011-10-16,2011-10-18,2011-10-18
"Elisabeth Joyner",2011-04-29,2011-04-29,2011-05-02,2011-05-02
"Lindsay Link",2010-03-15,2010-03-15,2010-03-16,2010-03-16
"Constance Vogel",2013-06-07,2013-06-07,2013-06-09,2013-06-09
"Toni Mayo",2012-12-08,2012-12-08,2012-12-08,2012-12-08
"Vickie Monroe",2011-04-29,2011-04-29,2011-04-30,2011-04-30
"June Herbert",2010-10-26,2010-10-26,2010-10-27,2010-10-27
"Jamie Combs",2012-12-08,2012-12-08,2012-12-10,2012-12-10
"James Mercer",2011-04-29,2011-04-29,2011-04-30,2011-04-30
"Esther Gill Norman",2012-08-21,2012-08-21,2012-08-28,2012-08-28
"Kristen Wells",2012-08-21,2012-08-21,2012-08-21,2012-08-21
"Meredith Walters",2010-06-15,2010-06-15,2010-06-17,2010-06-17
"Danny Vaughn",2010-06-07,2010-06-07,2010-06-14,2010-06-14
"Peggy Rowe",2010-06-15,2010-06-15,2010-06-16,2010-06-16
"Herbert Gentry",2012-08-21,2012-08-21,2012-08-26,2012-08-26
"Sean Pratt",2011-10-16,2011-10-16,2011-10-18,2011-10-18
"Stacey Hale",2010-06-15,2010-06-15,2010-06-17,2010-06-17
"Robin Mathews",2012-08-21,2012-08-21,2012-08-30,2012-08-30
"Joy Maxwell",2013-07-31,2010-01-28,2013-08-03,2010-02-01
"Mary Page",2013-10-29,2010-07-17,2013-10-29,2010-07-19
"Lindsay York",2013-12-25,2011-08-19,2013-12-27,2011-08-24
"Seth Berry",2013-05-11,2012-11-10,2013-05-13,2012-11-13
"Jordan Wilkinson",2012-11-10,2010-01-12,2012-11-11,2010-01-13
"David Wrenn",2012-04-20,2010-02-27,2012-04-22,2010-03-06
"Elisabeth Massey",2013-08-30,2010-09-11,2013-08-31,2010-09-11
"Helen Lyons",2013-03-31,2010-06-04,2013-04-02,2010-06-05
"Sandra Howe",2013-05-13,2011-05-14,2013-05-16,2011-05-16
"Neil Hogan",2012-09-26,2010-08-11,2012-09-28,2010-08-13
"Bernice F Day",2013-08-04,2010-05-29,2013-08-04,2010-06-05
"Ben Reid Bland",2012-02-17,2011-02-02,2012-02-21,2011-02-03
"Stuart Holloway",2013-10-27,2010-10-27,2013-10-28,2010-10-29
"Judy Kirk",2013-10-16,2013-04-16,2013-10-18,2013-04-17
"Ruby Goodwin",2013-05-12,2013-05-12,2013-05-14,2013-05-14
"Jeffrey Mueller",2012-07-10,2010-01-30,2012-07-12,2010-02-01
"Nathan Lowry Shea",2011-12-07,2011-12-07,2011-12-09,2011-12-09
"Geraldine Puckett",2010-09-19,2010-09-19,2010-09-19,2010-09-19
"Deborah Paul",2012-09-04,2010-09-19,2012-09-06,2010-09-21
"Jean Webster",2013-04-28,2010-01-14,2013-04-29,2010-01-16
"Erica Bynum",2013-08-24,2012-06-03,2013-08-25,2012-06-04
"Faye Woods",2013-03-01,2013-03-01,2013-03-02,2013-03-02
"Holly Love Butler",2013-06-13,2011-10-03,2013-06-14,2011-10-04
"Zachary Yu",2011-08-16,2011-08-16,2011-08-20,2011-08-20
"Debra Stone",2011-08-16,2011-08-16,2011-08-23,2011-08-23
"Marvin Roberson",2011-08-16,2011-08-16,2011-08-23,2011-08-23
"Elisabeth Thompson",2012-10-26,2012-10-26,2012-10-27,2012-10-27
"Sarah N Becker",2010-04-29,2010-04-29,2010-04-30,2010-04-30
"Carlos Byrd",2010-01-06,2010-01-06,2010-01-06,2010-01-06
"Marshall Riddle",2013-03-03,2013-03-03,2013-03-04,2013-03-04
"Jason Bray",2013-07-26,2010-04-06,2013-07-27,2010-04-07
"Kristen Callahan",2013-05-03,2011-12-17,2013-05-08,2011-12-17
"Laurie Boyd",2013-03-03,2013-03-03,2013-03-04,2013-03-04
"Calvin Harrison",2012-02-25,2012-02-25,2012-02-29,2012-02-29
"Samuel Moss",2012-02-25,2012-02-25,2012-02-27,2012-02-27
"Holly Pate",2013-12-22,2010-06-21,2013-12-24,2010-06-22
"Vincent Kenney",2013-05-21,2013-05-21,2013-05-23,2013-05-23
"Amanda Conner",2012-06-29,2010-03-11,2012-07-01,2010-03-12
"Eileen Riddle",2013-04-05,2010-06-01,2013-04-07,2010-06-03
"Lee McKenna Gregory",2011-08-18,2010-01-06,2011-08-19,2010-01-07
"Cheryl Guthrie",2010-09-28,2010-09-28,2010-10-03,2010-09-30
"Leonard Daly",2013-02-17,2012-04-23,2013-02-18,2012-04-25
"Marianne Goldstein",2012-02-28,2010-10-29,2012-02-29,2010-10-30
"Kim Ellington",2013-01-10,2012-07-13,2013-01-13,2012-07-14
"Ralph Harding",2013-06-05,2011-05-04,2013-06-06,2011-05-06
"Judy Singer",2012-03-16,2010-07-09,2012-03-18,2010-07-11
"Edgar McLeod",2012-03-16,2012-03-16,2012-03-18,2012-03-18
"Ken Woodward",2013-07-09,2013-07-09,2013-07-11,2013-07-11
"Jesse Atkinson",2011-01-28,2011-01-28,2011-01-29,2011-01-29
"Brett Sparks",2012-09-09,2012-09-09,2012-09-10,2012-09-10
"Stanley Lowe",2013-05-12,2013-05-12,2013-05-13,2013-05-13
"Stacy Wilkinson",2012-12-29,2012-12-29,2012-12-31,2012-12-31
"Eddie Chandler",2011-08-17,2011-08-17,2011-08-20,2011-08-20
"Stacy Reddy",2011-10-16,2011-10-16,2011-10-20,2011-10-20
"Joel Willard",2012-09-19,2012-09-19,2012-09-20,2012-09-20
"Rhonda Wong",2011-08-17,2011-08-17,2011-08-19,2011-08-19
"Keith Forbes",2013-02-16,2012-12-27,2013-02-17,2012-12-27
"Catherine Mullins",2013-05-21,2010-05-21,2013-05-26,2010-05-25
"Sara Perkins",2013-11-26,2013-11-26,2013-11-28,2013-11-28
"Christian Albright",2013-08-29,2010-07-12,2013-09-01,2010-07-17
"Joann Moser",2013-09-05,2010-07-12,2013-09-08,2010-07-19
"Marvin Hunt",2013-05-08,2010-11-21,2013-05-09,2010-11-24
"Ronnie Shaffer",2013-05-14,2013-01-20,2013-05-17,2013-01-23
"Sheryl Marsh",2010-11-25,2010-11-25,2010-11-26,2010-11-26
"Monica Law Thompson",2013-09-06,2010-08-22,2013-09-08,2010-08-24
"Douglas Sutton",2013-06-29,2010-01-24,2013-06-30,2010-01-24
"Lindsay McGuire",2013-08-22,2011-04-01,2013-08-23,2011-04-03
"Gerald Love",2013-03-06,2010-01-09,2013-03-08,2010-01-11
"Michael Carr",2013-07-26,2013-07-26,2013-07-28,2013-07-28
"Mitchell Hubbard",2012-01-13,2012-01-13,2012-01-14,2012-01-14
"Glen Stein",2013-04-24,2013-04-24,2013-04-26,2013-04-26
"Gary Walton",2013-10-02,2011-08-08,2013-10-04,2011-08-09
"Kevin Daly",2013-10-15,2011-04-12,2013-10-17,2011-04-13
"Cameron Page",2012-08-23,2012-08-23,2012-09-01,2012-09-01
"Judith Stanton",2013-10-22,2013-10-22,2013-10-29,2013-10-29
"Jamie Watkins",2013-06-19,2013-06-19,2013-06-19,2013-06-19
"Eddie Li",2012-08-23,2012-08-23,2012-09-01,2012-09-01
"Maureen Bradley",2013-10-22,2013-10-22,2013-10-22,2013-10-22
"Kyle Goodman",2012-08-23,2012-08-23,2012-08-30,2012-08-30
"Bill O'Neill",2013-06-19,2013-06-19,2013-06-21,2013-06-21
"Jennifer Brandon",2012-12-14,2012-12-14,2012-12-17,2012-12-17
"Jesse Hutchinson",2012-07-16,2010-09-07,2012-07-18,2010-09-08
"Helen H Heller",2013-08-13,2010-02-25,2013-08-13,2010-02-27
"Virginia Mason Klein",2013-10-04,2013-10-04,2013-10-05,2013-10-04
"Leah Davenport",2013-09-16,2010-09-16,2013-09-18,2010-09-18
"Karen Hendricks",2010-10-31,2010-10-31,2010-11-02,2010-11-02
"Jacob Lanier",2010-10-31,2010-10-31,2010-11-01,2010-11-01
"Carla S Austin",2013-10-04,2013-10-04,2013-10-04,2013-10-04
"Mildred Peacock",2013-10-04,2013-08-27,2013-10-04,2013-08-28
"Arthur Brady",2010-10-31,2010-10-31,2010-11-02,2010-11-02
"Denise Arthur",2013-08-27,2013-08-27,2013-08-29,2013-08-29
"Eugene Simmons",2013-08-27,2013-08-27,2013-08-29,2013-08-29
"Vivian Hodge",2013-09-28,2011-09-14,2013-09-30,2011-09-16
"Sharon Dickinson",2012-12-17,2012-09-07,2012-12-19,2012-09-09
"Dana Burgess",2010-08-26,2010-05-27,2010-09-02,2010-05-28
"Joyce Knowles",2012-09-26,2011-03-02,2012-09-28,2011-03-03
"Sharon Ellis",2013-09-13,2010-02-25,2013-09-14,2010-02-27
"Hugh Brock",2011-10-29,2011-10-29,2011-10-31,2011-10-31
"Sandy Ellington",2013-05-21,2010-03-15,2013-05-22,2010-03-17
"Robyn Goodwin",2013-04-14,2013-04-14,2013-04-16,2013-04-15
"Andrew Beard",2013-07-26,2011-03-30,2013-08-02,2011-04-08
"Erika Fink",2011-10-02,2010-08-21,2011-10-03,2010-08-22
"Christian Branch",2013-09-28,2013-03-14,2013-09-30,2013-03-16
"Alan Briggs",2013-09-28,2013-09-28,2013-09-30,2013-09-30
"Ellen Beck",2013-03-26,2010-03-25,2013-03-29,2010-03-27
"Jerry Barnes Nelson",2013-01-02,2011-05-24,2013-01-03,2011-05-25
"Alex Harding",2013-11-14,2011-09-15,2013-11-14,2011-09-22
"Kristina Grimes",2013-05-16,2013-05-16,2013-05-16,2013-05-16
"Malcolm Robertson",2013-10-31,2010-11-24,2013-11-02,2010-11-25
"Betty Barbour",2013-02-05,2011-08-17,2013-02-07,2011-08-19
"Cindy Hinton",2013-11-09,2012-09-15,2013-11-11,2012-09-16
"Phyllis Adcock",2013-09-24,2011-08-14,2013-09-26,2011-08-16
"Elsie G Ferguson",2013-03-17,2011-02-21,2013-03-21,2011-02-23
"Billie Fowler",2013-01-05,2010-01-05,2013-01-07,2010-01-05
"Marilyn Baxter",2013-05-19,2013-05-19,2013-05-20,2013-05-20
"Mike Wilder",2013-10-28,2012-05-19,2013-10-28,2012-05-21
"Gail Rankin Cole",2013-12-25,2010-01-10,2013-12-28,2010-01-11
"Gordon Sutherland",2013-11-01,2012-05-01,2013-11-02,2012-05-02
"Jennifer Siegel",2013-12-25,2010-01-10,2013-12-28,2010-01-11
"Daniel Sigmon",2013-04-02,2013-04-02,2013-04-04,2013-04-04
"Harriet Hodges",2013-04-02,2010-07-12,2013-04-04,2010-07-13
"Jordan Berry",2012-12-26,2010-07-12,2012-12-28,2010-07-13
"Lester Wilcox",2012-09-19,2011-05-17,2012-09-21,2011-05-24
"Diane Blanton",2013-09-12,2013-09-12,2013-09-12,2013-09-12
"Francis Spivey",2010-09-12,2010-09-12,2010-09-14,2010-09-14
"Rebecca Morrow",2013-01-10,2013-01-10,2013-01-12,2013-01-12
"Julian Richards",2013-03-09,2013-03-09,2013-03-11,2013-03-11
"Rachel Casey",2013-03-28,2010-02-26,2013-03-30,2010-02-27
"Becky Page Cline",2013-12-08,2013-07-29,2013-12-10,2013-07-31
"Carla Hauser",2011-03-13,2010-05-14,2011-03-14,2010-05-14
"Marsha P Joyner",2011-03-13,2010-01-31,2011-03-14,2010-02-01
"Warren Carver",2013-12-02,2012-06-25,2013-12-02,2012-06-25
"Marianne Cochran",2013-12-02,2011-11-24,2013-12-03,2011-11-25
"Carol Sherrill",2013-07-04,2010-01-04,2013-07-06,2010-01-05
"Marion Wilcox",2013-07-04,2010-07-04,2013-07-08,2010-07-11
"Kerry Jernigan",2013-10-25,2010-04-12,2013-10-26,2010-04-14
"Tracy Livingston",2012-10-30,2010-04-12,2012-11-01,2010-04-12
"Jessie Kelly",2013-04-12,2010-03-27,2013-04-14,2010-04-01
"Dolores Abrams",2012-09-12,2010-05-20,2012-09-14,2010-05-21
"Dana Heller",2013-07-04,2011-05-28,2013-07-06,2011-05-28
"Sue Stevenson",2013-05-28,2013-05-28,2013-05-29,2013-05-29
"Ruth Dudley",2011-10-13,2010-04-06,2011-10-15,2010-04-06
"Rose Starr",2011-10-31,2011-10-31,2011-11-02,2011-11-02
"Alvin Frost",2012-12-30,2012-12-30,2012-12-31,2012-12-31
"Jan Massey",2011-01-13,2011-01-13,2011-01-15,2011-01-15
"Calvin Conway",2010-04-06,2010-04-06,2010-04-08,2010-04-08
"Ethel Curry",2013-04-06,2013-04-06,2013-04-06,2013-04-06
"Norma Hull",2013-07-19,2013-07-19,2013-07-20,2013-07-20
"Bobby Walker",2011-10-31,2011-10-31,2011-11-01,2011-11-01
"Mark Puckett",2012-12-30,2012-12-30,2013-01-01,2013-01-01
"Greg McKinney",2011-10-31,2011-10-31,2011-11-01,2011-11-01
"Robyn Garner",2011-07-26,2010-02-17,2011-07-27,2010-02-19
"Kelly Shaw",2012-11-29,2010-12-27,2012-12-01,2010-12-28
"Jessie Goldberg",2013-09-03,2013-09-03,2013-09-04,2013-09-04
"Albert Maxwell",2010-04-14,2010-04-14,2010-04-19,2010-04-19
"Nicole Jacobson",2013-08-23,2013-02-05,2013-08-24,2013-02-07
"Jackie Neal",2011-10-19,2011-10-19,2011-10-21,2011-10-21
"Howard Elliott",2011-11-25,2011-11-25,2011-11-29,2011-11-29
"Stephanie Sun Perry",2013-04-10,2010-09-06,2013-04-12,2010-09-06
"Denise Parks",2010-09-01,2010-09-01,2010-09-02,2010-09-02
"Dorothy Buchanan",2010-07-11,2010-07-11,2010-07-13,2010-07-13
"Rosemary Giles Case",2011-07-20,2011-07-20,2011-07-21,2011-07-21
"Ernest Oh",2013-11-03,2010-01-02,2013-11-04,2010-01-04
"Jane Shah",2013-11-03,2010-01-02,2013-11-04,2010-01-04
"Adam Barton",2013-10-06,2011-04-01,2013-10-08,2011-04-02
"Josephine Smith",2013-02-26,2013-02-26,2013-03-06,2013-03-06
"Tony Chandler",2013-12-27,2010-02-12,2013-12-29,2010-02-12
"Tom Wiley",2012-01-20,2011-02-25,2012-01-22,2011-02-25
"Brooke M Wood",2012-01-20,2012-01-20,2012-01-22,2012-01-22
"Sally House",2012-03-13,2010-03-22,2012-03-15,2010-03-23
"Phillip Chappell",2013-01-08,2010-02-04,2013-01-10,2010-02-08
"Benjamin Chan",2012-07-01,2010-08-24,2012-07-03,2010-08-24
"Yvonne Clarke",2013-08-24,2010-02-04,2013-08-24,2010-02-08
"Virginia Rivera",2011-12-30,2011-12-30,2012-03-31,2012-03-31
"Martin Page",2011-05-15,2011-05-15,2011-05-16,2011-05-16
"Jacqueline Chung",2011-07-26,2011-07-26,2011-07-27,2011-07-27
"Brandon C Yates",2013-06-24,2013-06-24,2013-06-26,2013-06-26
"Yvonne D McLeod",2012-12-25,2012-12-25,2012-12-25,2012-12-25
"Joel Abrams",2011-05-15,2011-05-15,2011-05-15,2011-05-15
"Lynn Payne",2013-10-20,2010-10-20,2013-10-22,2010-10-21
"Gregory Holden",2013-08-05,2010-08-29,2013-08-05,2010-08-29
"Victor Godfrey",2013-11-09,2012-03-14,2013-11-11,2012-03-15
"Herman Pritchard",2012-02-21,2012-02-21,2012-02-23,2012-02-23
"Francis Evans",2010-10-04,2010-10-04,2010-10-09,2010-10-09
"Jonathan Higgins",2012-02-21,2012-02-21,2012-02-22,2012-02-22
"Todd Wiggins",2013-08-05,2013-08-05,2013-08-05,2013-08-05
"Norman Tyler",2013-10-04,2013-10-04,2013-10-06,2013-10-06
"Francis Peterson",2013-02-19,2012-01-06,2013-02-24,2012-01-08
"Howard Burnett",2010-08-05,2010-08-05,2010-08-06,2010-08-06
"Jacob Archer",2013-11-20,2011-11-14,2013-11-20,2011-11-15
"Sue Drake",2012-12-17,2010-04-27,2012-12-18,2010-04-27
"Paul Cooper",2013-04-08,2011-04-08,2013-04-09,2011-04-09
"Kristin Richmond",2013-01-11,2013-01-11,2013-01-13,2013-01-13
"Herman Ray",2012-01-24,2012-01-24,2012-01-26,2012-01-26
"Sidney Matthews",2013-01-11,2013-01-11,2013-01-13,2013-01-13
"Charlene Zhou",2011-01-11,2011-01-11,2011-01-12,2011-01-12
"Keith Zhou",2013-01-03,2013-01-03,2013-01-05,2013-01-05
"Gladys Barnes",2011-03-19,2011-03-19,2011-03-24,2011-03-24
"Jesse Pennington",2013-01-11,2013-01-11,2013-01-11,2013-01-11
"Gail Currin",2013-06-24,2010-02-19,2013-06-26,2010-02-19
"Neal Weber",2010-09-14,2010-09-14,2010-09-15,2010-09-15
"Lloyd Spencer",2010-11-10,2010-11-10,2010-11-15,2010-11-15
"Karen Mayo",2012-09-07,2012-09-07,2012-09-07,2012-09-07
"Phillip Pollard",2010-01-24,2010-01-24,2010-01-29,2010-01-29
"Charlene Day",2013-10-21,2013-10-21,2013-10-23,2013-10-23
"Rita Barton",2010-09-14,2010-09-14,2010-09-15,2010-09-15
"Lynn Bell",2010-09-14,2010-09-14,2010-09-15,2010-09-15
"Kathleen S Erickson",2011-05-25,2011-05-25,2011-05-27,2011-05-26
"Jessie Coble",2013-02-17,2013-02-17,2013-02-24,2013-02-24
"Lloyd Dickson",2010-08-27,2010-03-04,2010-08-29,2010-03-04
"Wallace Warner",2013-12-22,2011-01-26,2013-12-24,2011-01-27
"Priscilla Frank",2010-05-25,2010-05-25,2010-05-27,2010-05-27
"Kristin George",2013-01-23,2010-12-19,2013-01-24,2010-12-21
"Alexandra Frazier",2011-01-07,2011-01-07,2011-01-10,2011-01-10
"Denise Sumner",2013-07-02,2013-07-02,2013-07-06,2013-07-06
"Marion L Fitzgerald",2012-08-17,2012-08-17,2012-08-18,2012-08-18
"Theresa Winters",2012-12-17,2010-03-01,2012-12-19,2010-03-02
"Beverly Cameron",2013-11-18,2010-09-18,2013-11-20,2010-09-18
"Francis Sherrill",2011-08-02,2010-06-12,2011-08-05,2010-06-13
"Wallace Bridges",2013-06-12,2012-10-01,2013-06-14,2012-10-02
"Meredith Humphrey",2012-12-03,2010-10-08,2012-12-12,2010-10-08
"Julie Porter",2013-09-21,2010-03-07,2013-09-23,2010-03-07
"Helen Poole",2012-11-30,2012-11-30,2012-12-01,2012-12-01
"Maxine Myers",2013-10-29,2013-10-29,2013-10-29,2013-10-29
"Glen Newman",2012-10-20,2010-05-15,2012-10-22,2010-05-15
"Patrick Hendrix",2013-12-01,2011-09-03,2013-12-04,2011-09-04
"Eugene Kerr",2012-09-15,2010-08-07,2012-09-15,2010-08-07
"Brian Bennett",2013-12-28,2010-03-12,2013-12-29,2010-03-13
"Marguerite Rodgers",2013-05-21,2010-09-29,2013-05-30,2010-09-30
"Christine Wilkerson",2013-01-19,2012-04-20,2013-01-21,2012-04-22
"Neal Helms",2013-02-13,2011-01-02,2013-02-15,2011-01-03
"Robert Willis",2013-07-17,2011-01-02,2013-07-17,2011-01-04
"Sean Sparks",2013-10-13,2012-12-25,2013-10-15,2012-12-26
"Kent Burton",2012-08-16,2010-03-13,2012-08-18,2010-03-13
"Jessica Huffman",2012-03-24,2010-03-13,2012-03-25,2010-03-14
"Jon Hale",2013-03-05,2010-12-16,2013-03-07,2010-12-17
"Christian Tilley",2013-04-07,2012-02-02,2013-04-16,2012-02-06
"Mildred Chase",2013-10-30,2010-04-17,2013-10-31,2010-04-17
"Jerome Burch",2011-12-02,2010-05-16,2011-12-03,2010-05-17
"Ethel Coley",2013-09-06,2012-10-21,2013-09-08,2012-10-23
"Erin Ballard",2013-03-26,2010-06-14,2013-03-28,2010-06-14
"Judy Burnett",2011-09-08,2011-09-08,2011-09-10,2011-09-10
"Lorraine C Wooten",2012-03-20,2012-03-20,2012-03-22,2012-03-22
"Gayle Pearson",2010-08-27,2010-08-27,2010-08-29,2010-08-29
"Mary Gray",2013-06-14,2013-06-14,2013-06-16,2013-06-16
"Craig S Fletcher",2013-03-26,2013-03-26,2013-03-28,2013-03-28
"Ronald Goldman Francis",2013-06-14,2013-06-14,2013-06-14,2013-06-14
"Dennis Barbee Reynolds",2012-02-17,2012-02-17,2012-02-19,2012-02-19
"George Bowen",2013-08-12,2011-05-24,2013-08-13,2011-05-27
"Keith R Atkinson",2013-05-25,2010-05-25,2013-05-27,2010-05-26
"Lewis Herman",2011-01-14,2011-01-14,2011-01-15,2011-01-15
"Jean Hardy",2011-01-14,2011-01-14,2011-01-15,2011-01-15
"Adam McKinney",2012-09-10,2012-09-10,2012-09-11,2012-09-11
"Elaine Bass",2011-04-26,2011-04-26,2011-04-27,2011-04-27
"Gene Gilliam",2013-11-30,2010-03-24,2013-12-07,2010-03-25
"Earl Melton",2013-01-08,2013-01-08,2013-01-09,2013-01-09
"Willie Robinson",2013-11-30,2010-03-24,2013-11-30,2010-03-25
"Catherine Woodard",2013-08-09,2013-01-08,2013-08-11,2013-01-09
"Vicki Bond",2013-07-22,2010-08-18,2013-07-23,2010-08-20
"Stacey Bowers",2013-11-26,2013-08-28,2013-12-03,2013-08-30
"Erik Barr",2013-08-04,2010-09-16,2013-08-06,2010-09-16
"Pam Bennett",2013-11-14,2010-11-14,2013-11-14,2010-11-15
"Hilda Diaz",2013-04-25,2013-03-01,2013-04-27,2013-03-03
"Marion Owens",2013-03-10,2010-03-27,2013-03-12,2010-03-30
"Sherry Brantley",2012-10-03,2011-02-26,2012-10-05,2011-02-26
"Theodore Tyson",2012-10-03,2010-03-09,2012-10-05,2010-03-10
"Elsie Byers",2013-05-07,2013-05-07,2013-05-08,2013-05-08
"Jimmy Xu",2012-11-16,2011-03-08,2012-11-18,2011-03-08
"Colleen Fletcher",2013-05-13,2010-11-08,2013-05-14,2010-11-09
"Nancy Schwartz Peacock",2013-12-21,2013-12-21,2013-12-22,2013-12-22
"Joy Park",2013-05-19,2011-05-19,2013-05-20,2011-05-20
"Hazel Dale",2013-04-11,2010-03-31,2013-04-12,2010-04-02
"Ted Dunlap",2013-03-15,2010-01-05,2013-03-15,2010-01-06
"Leon Peele",2013-11-05,2010-04-24,2013-11-06,2010-04-25
"Jeremy Orr",2013-11-15,2011-04-12,2013-11-20,2011-04-19
"Jon Padgett",2012-10-09,2011-01-16,2012-10-10,2011-01-19
"Seth Davies",2013-12-31,2011-03-07,2014-01-02,2011-03-10
"Joshua Keller",2013-10-01,2012-11-05,2013-10-01,2012-11-05
"Ron Singh",2013-10-10,2013-07-09,2013-10-11,2013-07-09
"Roy Briggs",2011-01-16,2011-01-16,2011-01-16,2011-01-16
"Joseph Allison",2011-03-03,2011-03-03,2011-03-04,2011-03-04
"Kerry Elliott Parrish",2011-12-09,2011-12-09,2011-12-11,2011-12-11
"Michele Meadows",2013-09-09,2013-09-09,2013-09-12,2013-09-12
"Gregory Barefoot",2013-09-09,2013-09-09,2013-09-12,2013-09-12
"Judy Simpson",2013-04-24,2013-04-24,2013-04-25,2013-04-25
"Kimberly McCarthy",2013-11-05,2010-11-05,2013-11-05,2010-11-06
"Jeffrey Pearson",2011-12-04,2011-12-04,2011-12-06,2011-12-06
"Sidney Bowling",2013-03-23,2010-04-10,2013-03-27,2010-04-11
"Timothy Ross",2013-11-19,2010-04-10,2013-11-21,2010-04-11
"Janet Bryant",2013-11-19,2011-05-19,2013-11-21,2011-05-20
"Maxine Collier Grady",2013-10-19,2010-05-20,2013-10-21,2010-05-23
"Joanna Keith",2010-11-21,2010-11-21,2010-11-22,2010-11-22
"Dwight Bishop",2013-06-15,2010-05-20,2013-06-17,2010-05-20
"Dennis Welch",2013-12-06,2010-06-29,2013-12-08,2010-06-29
"Kevin Roth",2012-08-28,2012-08-28,2012-08-30,2012-08-30
"Luis Kerr",2010-10-02,2010-10-02,2010-10-04,2010-10-04
"Julia Reynolds",2013-12-05,2010-10-06,2013-12-09,2010-10-07
"Jill Foster",2013-08-20,2012-08-21,2013-08-21,2012-08-23
"Meredith Bland",2013-08-20,2013-02-18,2013-08-23,2013-02-20
"Samantha Koch",2013-06-08,2010-08-05,2013-06-15,2010-08-06
"Jesse Williams Katz",2013-02-18,2011-11-13,2013-02-19,2011-11-15
"Cecil Berger",2013-04-14,2012-02-14,2013-04-18,2012-02-16
"Rita Vaughn",2013-01-11,2011-09-26,2013-01-13,2011-09-27
"Tonya Proctor",2013-12-07,2010-02-07,2013-12-10,2010-02-09
"Peggy Lanier",2012-09-05,2010-09-15,2012-09-06,2010-09-18
"Randy Jiang",2010-12-20,2010-12-20,2010-12-21,2010-12-21
"Arlene Lutz",2013-07-12,2011-01-22,2013-07-17,2011-01-24
"Ray Grady",2013-08-24,2010-08-24,2013-08-26,2010-08-26
"Kurt O'Connor",2010-12-22,2010-12-22,2010-12-27,2010-12-27
"Pam Patton",2013-02-10,2010-02-16,2013-02-11,2010-02-20
"Stacy Benton",2012-03-16,2011-01-10,2012-03-20,2011-01-11
"Benjamin Strauss",2012-07-18,2010-05-21,2012-07-19,2010-05-23
"Michael Robbins",2010-06-13,2010-02-10,2010-06-17,2010-02-11
"Marjorie Owens",2013-03-29,2010-07-26,2013-03-31,2010-07-28
"Daniel Webb Stephens",2011-12-09,2011-12-09,2011-12-11,2011-12-11
"Carmen McPherson",2013-09-22,2010-07-02,2013-09-23,2010-07-04
"Malcolm Floyd",2011-03-08,2010-08-16,2011-03-08,2010-08-19
"Stacey Davenport",2013-09-11,2013-05-06,2013-09-11,2013-05-08
"Miriam Snow",2013-11-18,2013-03-26,2013-11-20,2013-03-27
"Nancy Bennett",2013-07-30,2011-09-30,2013-08-01,2011-09-30
"Russell Chan",2013-12-06,2010-07-04,2013-12-08,2010-07-06
"Phyllis Jacobson",2012-08-22,2011-01-22,2012-08-23,2011-01-23
"Alvin B Winstead",2013-07-04,2011-10-21,2013-07-06,2011-10-26
"Jay Shaffer Desai",2013-03-28,2012-07-17,2013-03-28,2012-07-22
"Eleanor Erickson",2012-07-16,2012-07-16,2012-07-20,2012-07-20
"Edgar Vogel",2013-09-29,2013-09-29,2013-10-01,2013-10-01
"Rose Schultz",2012-12-29,2012-12-29,2012-12-31,2012-12-31
"Edna Huang",2012-12-21,2010-12-09,2012-12-22,2010-12-09
"Brett Douglas",2012-12-29,2012-12-29,2012-12-30,2012-12-30
"Molly Branch",2013-08-29,2011-08-28,2013-09-01,2011-09-02
"Alex Nicholson",2011-05-28,2010-01-02,2011-05-29,2010-01-02
"Edith Forbes",2010-08-14,2010-08-14,2010-08-15,2010-08-15
"Jon Stephens",2011-08-11,2011-08-11,2011-08-12,2011-08-12
"Todd Pennington",2012-04-28,2012-04-28,2012-04-28,2012-04-28
"Arlene Weeks",2010-05-20,2010-05-20,2010-05-21,2010-05-21
"Brooke Arnold",2012-10-14,2012-10-14,2012-10-16,2012-10-15
"Sidney Cherry",2011-11-24,2011-11-24,2011-11-26,2011-11-26
"Clifford Morrow",2011-02-01,2011-02-01,2011-02-02,2011-02-02
"Glenn Burnette",2013-04-10,2013-04-10,2013-04-11,2013-04-11
"Jason L Doyle",2012-12-07,2012-12-07,2012-12-07,2012-12-07
"Pamela C Kane",2012-12-07,2012-12-07,2012-12-08,2012-12-08
"Marc Randall",2013-04-10,2013-04-10,2013-04-11,2013-04-11
"Angela Wooten",2012-02-25,2012-02-25,2012-02-28,2012-02-28
"Jessie Houston",2011-01-08,2010-06-02,2011-01-10,2010-06-03
"Floyd Hill Dorsey",2011-07-25,2011-01-02,2011-07-25,2011-01-04
"Bill Hudson",2012-08-08,2012-08-08,2012-08-09,2012-08-09
"Kara Capps",2013-05-05,2013-05-05,2013-05-05,2013-05-05
"Calvin Hutchinson",2012-03-03,2012-03-03,2012-03-12,2012-03-12
"Vickie Hendricks",2013-04-22,2013-04-22,2013-04-24,2013-04-24
"Barbara Saunders",2013-04-22,2011-05-05,2013-04-24,2011-05-05
"Sandy Hunt",2011-01-01,2010-04-09,2011-01-03,2010-04-10
"Bernard Strauss",2013-06-13,2013-02-27,2013-06-14,2013-03-01
"Tommy Feldman",2013-11-28,2013-11-28,2013-11-30,2013-11-30
"Jesse Williamson",2013-06-13,2010-05-23,2013-06-14,2010-05-23
"Becky O'Brien",2013-07-21,2010-06-29,2013-07-22,2010-06-29
"Lee Xu",2013-11-26,2010-03-21,2013-11-27,2010-03-22
"Glenda Herbert",2013-04-11,2010-04-09,2013-04-11,2010-04-10
"Dale Carroll",2011-06-10,2011-06-10,2011-06-13,2011-06-13
"Kevin Marks",2011-06-10,2011-06-10,2011-06-11,2011-06-11
"Dwight Stephenson",2012-09-03,2010-06-17,2012-09-05,2010-06-19
"Judith Jacobs",2013-03-22,2011-01-10,2013-03-24,2011-01-12
"John Morse",2010-12-28,2010-12-28,2011-01-01,2011-01-01
"Ernest McBride",2012-03-20,2012-03-20,2012-03-23,2012-03-23
"Louis Parrish",2013-08-25,2010-06-17,2013-08-28,2010-06-19
"Sidney Brewer",2013-04-12,2010-11-01,2013-04-12,2010-11-03
"Kara Payne",2012-03-20,2011-06-15,2012-03-21,2011-06-15
"Jan Hubbard Richards",2011-01-15,2011-01-15,2011-01-16,2011-01-16
"Grace McNeill Hunt",2010-03-18,2010-03-18,2010-03-20,2010-03-20
"Lester Sykes",2013-04-06,2013-04-06,2013-04-07,2013-04-07
"Edward Lamm",2010-08-25,2010-08-25,2010-08-28,2010-08-28
"Beth English",2010-08-25,2010-08-25,2010-08-27,2010-08-27
"Dianne Kaufman",2013-05-27,2013-05-27,2013-05-28,2013-05-28
"Faye Wolf",2010-08-25,2010-08-25,2010-08-26,2010-08-26
"Judy Merritt",2010-12-28,2010-12-28,2010-12-30,2010-12-30
"Jon Simmons",2011-01-12,2011-01-12,2011-01-13,2011-01-13
"Dana Jain",2013-09-15,2011-01-06,2013-09-16,2011-01-07
"Michele Morrow Marsh",2013-09-28,2011-04-07,2013-09-29,2011-04-08
"Betsy Bean",2013-02-09,2013-02-09,2013-02-11,2013-02-11
"Debra Proctor",2013-06-29,2010-02-01,2013-07-03,2010-02-06
"Eileen Fletcher",2013-08-07,2010-07-15,2013-08-14,2010-07-16
"Jeremy Pratt",2013-01-18,2010-02-04,2013-01-21,2010-02-08
"Evelyn Meyer",2012-12-07,2012-12-07,2012-12-11,2012-12-11
"Angela Larson",2012-12-07,2011-01-15,2012-12-07,2011-01-16
"Billy Perry Browning",2013-10-30,2010-04-28,2013-11-06,2010-05-01
"Ethel Barton",2012-12-21,2012-12-21,2012-12-22,2012-12-22
"Sam Graham Christian",2013-10-30,2013-10-30,2013-11-06,2013-11-06
"Kathy Reese",2012-06-12,2012-06-12,2012-06-16,2012-06-16
"Vickie Frost",2011-05-08,2011-05-08,2011-05-09,2011-05-09
"Gladys Wilkinson",2012-03-22,2012-03-22,2012-03-23,2012-03-23
"Marcia Bernstein Horn",2012-12-21,2012-12-21,2012-12-23,2012-12-23
"Larry Spencer",2013-10-30,2013-10-30,2013-11-03,2013-11-03
"Beverly Leonard",2012-06-12,2012-06-12,2012-06-14,2012-06-14
"Ken Cash",2010-04-28,2010-04-28,2010-04-30,2010-04-30
"Elsie Hwang",2010-04-28,2010-04-28,2010-05-01,2010-05-01
"Hazel Jennings",2013-01-27,2010-02-16,2013-02-03,2010-02-16
"Patrick Byrne",2013-02-16,2010-02-16,2013-02-17,2010-02-18
"Joan Hardin",2012-07-05,2011-02-02,2012-07-06,2011-02-03
"Jim Roberson",2013-02-16,2012-07-05,2013-02-16,2012-07-06
"Gary Hester",2013-10-18,2010-10-09,2013-10-22,2010-10-11
"Vickie Howe Lawrence",2013-02-15,2012-02-16,2013-02-15,2012-02-17
