RowID,Discount,UnitPrice,ShippingCost,ProductBaseMargin,QtyNew,Sales,Profit
18606,0.01,2.88,0.5,0.36,2,5.74,1.57
20847,0.01,2.84,0.93,0.54,4,11.32,5.18
23086,0.03,6.68,6.15,0.37,7,46.55,11.07
23087,0.01,5.68,3.6,0.56,7,39.69,18.63
23088,0,205.99,2.5,0.59,8,1647.92,969.77
23597,0.09,55.48,14.3,0.37,37,2049.43,743.99
25549,0.08,120.97,26.3,0.38,12,1450.68,524.96
20228,0.02,500.98,26,0.6,12,6011.52,3580.91
19483,0.08,6.48,6.81,0.36,18,115.2,34.66
24782,0.01,90.24,0.99,0.56,16,1443.68,807.47
24563,0.07,6.48,6.6,0.37,4,25.64,2.89
24564,0.01,4.84,0.71,0.52,17,82.11,41.99
24565,0.1,85.99,0.99,0.55,24,2061.36,1132.76
21866,0.05,12.28,4.86,0.38,19,232.37,83.44
20876,0.08,140.98,36.09,0.77,5,704.5,506.38
20877,0.1,286.85,61.76,0.78,8,2294,1727.56
22241,0.06,15.57,1.39,0.38,14,217.14,81.12
21776,0.06,9.48,7.29,0.45,22,207.24,85.97
23328,0.04,10.98,3.37,0.57,8,87.52,46.52
24844,0.09,78.69,19.99,0.43,16,1257.6,520.78
24846,0.08,3.28,2.31,0.56,7,22.4,10.23
24847,0.05,3.28,4.2,0.56,4,12.92,3.04
24848,0.05,3.58,1.63,0.36,4,14.12,3.45
24845,0.01,6.48,7.86,0.37,4,25.88,1.72
18181,0,4.42,4.99,0.38,7,30.94,6.77
20925,0.01,35.94,6.66,0.4,10,359.3,137.06
18263,0.03,1.76,0.7,0.56,10,17.3,8.99
18554,0.04,5.98,5.2,0.36,3,17.82,1.22
22781,0,7.59,4,0.42,4,30.36,8.75
23287,0.07,4.13,6.89,0.39,9,36.54,7.36
26267,0.04,2.98,1.58,0.39,6,17.64,5.3
26268,0.05,115.99,2.5,0.55,10,1159.4,635.17
26266,0.08,14.27,7.27,0.38,3,42.57,8.91
19359,0.05,5.85,2.27,0.56,2,11.6,4.23
20459,0.05,7.77,9.23,0.58,4,30.88,8.68
23890,0.05,26.48,6.93,0.49,17,449.31,213.23
21763,0.08,42.98,4.62,0.56,15,643.5,355.74
21764,0.07,8.04,8.94,0.4,9,71.73,19.75
24062,0.08,5,3.39,0.37,13,63.96,20.28
20578,0.02,110.98,30,0.71,22,2441.12,1703.2
20579,0.01,12.53,0.5,0.38,17,212.84,80.38
24063,0.07,12.99,9.44,0.39,18,232.56,81.26
25082,0.06,64.65,35,0.8,13,839.67,636.74
25083,0,15.23,27.75,0.76,1,15.23,-16.18
25711,0,30.98,17.08,0.4,1,30.98,-4.69
5890,0.05,26.48,6.93,0.49,70,1850.1,899.62
6062,0.08,5,3.39,0.37,58,285.36,102.19
6063,0.07,12.99,9.44,0.39,71,917.32,348.31
7711,0,30.98,17.08,0.4,1,30.98,-4.69
1359,0.05,5.85,2.27,0.56,9,52.2,26.96
2459,0.05,7.77,9.23,0.58,18,138.96,71.37
3763,0.08,42.98,4.62,0.56,60,2574,1436.82
3764,0.07,8.04,8.94,0.4,36,286.92,105.83
7082,0.06,64.65,35,0.8,50,3229.5,2548.6
7083,0,15.23,27.75,0.76,5,76.15,30.12
2578,0.02,110.98,30,0.71,88,9764.48,6902.78
2579,0.01,12.53,0.5,0.38,67,838.84,318.26
19249,0.05,14.34,5,0.49,36,514.44,247.08
19250,0,30.98,8.74,0.4,37,1146.26,449.76
18350,0.07,22.84,5.47,0.39,7,159.39,56.69
18478,0.1,146.05,80.2,0.71,11,1605.45,1059.67
20631,0.06,55.48,14.3,0.37,1,55.42,6.21
20632,0.02,1.68,1.57,0.59,1,1.66,-0.59
20309,0.07,205.99,2.5,0.59,13,2676.96,1576.91
20625,0.06,21.38,8.99,0.59,5,106.6,53.9
21196,0.07,11.7,6.96,0.5,8,93.04,39.56
21253,0.02,5.98,3.85,0.68,1,5.96,0.2
21254,0.05,5.98,5.2,0.36,1,5.93,-3.07
21251,0.06,25.98,5.37,0.5,7,181.44,85.35
21252,0.05,155.06,7.07,0.59,12,1860.12,1090.4
22410,0.08,59.98,3.99,0.57,11,658.9,371.58
22737,0,2.89,0.5,0.38,7,20.23,7.19
21292,0.09,3.69,0.5,0.38,15,54,20.02
21293,0.06,65.99,8.99,0.58,3,197.79,105.73
23967,0.04,4.14,6.6,0.49,12,49.2,17.51
23535,0.1,35.44,19.99,0.38,4,141.36,33.73
23536,0.06,55.48,14.3,0.37,9,498.78,170.25
23505,0,8.09,7.96,0.49,23,186.07,83.21
23506,0.06,14.2,5.3,0.46,11,155.54,66.25
23968,0.01,65.99,8.99,0.59,29,1913.42,1119.93
24987,0.06,2.88,0.7,0.56,1,2.82,0.88
24074,0.07,225.04,11.79,0.42,1,224.97,82.7
25324,0.08,65.99,3.9,0.55,3,197.73,104.85
25323,0.08,3.08,0.99,0.37,1,3,0.12
18877,0.01,6.48,6.65,0.36,15,97.05,28.29
23509,0.08,34.99,7.73,0.59,13,453.83,260.03
23612,0.01,17.98,8.51,0.4,2,35.94,5.87
23278,0.09,125.99,7.69,0.59,8,1007.2,586.56
19355,0.06,205.99,8.99,0.56,22,4530.46,2528.07
21213,0.08,8.95,2.01,0.39,15,133.05,49.88
22221,0.06,449.99,49,0.38,5,2249.65,805.87
23654,0.03,4.24,5.41,0.35,13,54.73,13.75
23655,0.04,2.94,0.7,0.58,18,52.2,29.58
25327,0.05,4.82,5.24,0.39,5,23.85,4.06
24531,0.05,70.98,30,0.78,9,638.37,467.93
24532,0.05,4.98,4.7,0.38,9,44.37,12.16
25223,0,6783.02,24.49,0.39,3,20349.06,7911.64
21026,0.07,65.99,3.99,0.59,7,461.44,268.26
25224,0.02,9.27,4.39,0.38,29,268.25,97.54
25225,0.03,6.68,6.15,0.37,10,66.5,18.45
25226,0.1,5.78,5.67,0.36,11,62.48,16.82
20935,0.02,1.68,1.57,0.59,10,16.6,8.22
20936,0.1,7.08,2.35,0.47,14,97.72,43.58
18911,0.07,28.15,8.99,0.57,4,112.32,55.03
18673,0.09,7.98,6.5,0.59,4,31.56,12.12
22406,0.09,45.99,4.99,0.56,8,367.2,200.64
23753,0.07,8.09,7.96,0.49,36,288.72,133.51
23754,0.03,20.99,1.25,0.83,9,188.64,155.32
25933,0,99.99,19.99,0.52,6,599.94,291.98
25438,0.05,9.31,3.98,0.56,9,83.34,42.69
25331,0.06,95.98,58.2,0.58,15,1438.8,776.3
23651,0.1,39.48,3.99,0.56,13,511.94,282.7
25399,0.08,5.81,3.37,0.54,18,103.14,52.33
25397,0,30.97,4,0.74,3,92.91,64.75
25398,0,17.67,8.99,0.47,20,353.4,157.11
20727,0.06,17.98,8.51,0.4,1,17.92,-1.34
19337,0.07,4.13,0.5,0.39,22,89.32,34.33
18362,0.03,7.31,0.49,0.38,19,138.32,52.07
18363,0.01,20.99,2.5,0.81,12,251.76,201.43
20726,0.06,39.24,1.99,0.51,9,352.62,177.85
23944,0.08,67.84,0.99,0.58,1,67.76,38.31
21138,0.04,7.64,1.39,0.36,1,7.6,1.35
20728,0.04,12.95,4.98,0.4,5,64.55,20.84
23662,0,65.99,5.31,0.57,10,659.9,370.83
23802,0.1,30.73,4,0.75,7,214.41,156.81
21300,0.06,200.97,15.59,0.36,4,803.64,273.72
22691,0.09,2.6,2.4,0.58,6,15.06,6.33
22692,0.07,14.97,7.51,0.57,4,59.6,26.46
23945,0.04,276.2,24.49,,8,2209.28,-24.49
18551,0,115.99,2.5,0.57,6,695.94,394.19
19341,0.02,40.97,1.99,0.42,13,532.35,221.6
18666,0.08,7.7,3.68,0.52,17,129.54,63.68
22117,0.07,3502.14,8.73,0.57,1,3502.07,1987.45
18552,0.02,5.98,5.79,0.36,17,101.32,30.69
21677,0.09,3.08,0.99,0.37,11,32.89,11.18
19968,0.03,44.43,46.59,0.67,14,621.6,369.88
19969,0.07,130.98,54.74,0.69,6,785.46,487.23
18469,0.01,15.68,3.73,0.46,2,31.34,10.69
18470,0.04,71.37,69,0.68,11,784.63,464.55
20697,0.06,3.8,1.49,0.38,20,74.8,26.93
20698,0.06,1.76,0.7,0.56,17,28.9,15.48
19970,0.04,4.76,3.01,0.36,23,108.56,36.07
24218,0.01,5.84,1.2,0.55,11,64.13,34.07
23305,0.1,5.94,9.92,0.38,7,40.88,5.61
23306,0.1,65.99,2.5,0.55,6,395.34,214.94
22008,0.1,525.98,19.99,0.37,15,7888.2,2898.64
22009,0.1,115.99,8.99,0.58,21,2433.69,1402.55
26008,0.06,11.66,7.95,0.58,10,116,59.33
19277,0.08,6.48,6.81,0.36,8,51.2,11.62
19278,0.02,2.78,0.97,0.59,6,16.56,8.8
18289,0,3.95,5.13,0.59,11,43.45,20.51
19903,0.09,150.98,57.2,0.59,5,754.45,387.93
19904,0.02,38.94,35,0.8,10,389.2,276.36
20292,0.08,4.18,2.99,0.37,16,65.6,21.28
20293,0.03,2.88,0.7,0.56,20,57,31.22
20427,0.08,89.99,42,0.66,2,179.82,76.68
22867,0.05,81.94,55.81,0.6,28,2292.92,1319.94
21091,0.03,6.08,1.82,0.35,20,121,40.53
22811,0.1,9.93,1.09,0.43,4,39.32,15.82
21820,0.04,19.98,5.86,0.38,5,99.7,32.03
22423,0,22.24,1.99,0.43,15,333.6,141.46
22424,0,29.89,1.99,0.5,22,657.58,326.8
22890,0.02,5.98,5.15,0.36,3,17.88,1.29
25354,0.04,29.14,4.86,0.38,17,494.7,183.13
25387,0.09,5.85,2.27,0.56,3,17.28,7.41
25355,0.02,20.89,11.52,0.83,20,417.4,334.92
25388,0.07,70.97,3.5,0.59,3,212.7,121.99
25592,0.02,59.98,3.99,0.57,16,959.36,542.85
25593,0.06,65.99,5.31,0.57,13,857.09,483.23
26231,0.1,8.34,0.96,0.43,1,8.24,2.58
26232,0.04,140.99,13.99,0.37,5,704.75,246.77
21017,0,3.69,0.5,0.38,1,3.69,0.9
21019,0.02,175.99,4.99,0.59,4,703.88,410.3
21018,0.03,92.23,39.61,0.67,5,461,269.26
20899,0.05,55.99,5,0.8,23,1286.62,1024.3
18441,0.01,205.99,19.99,0.6,13,2677.74,1586.65
18442,0.09,162.93,19.99,0.39,14,2279.76,869.12
21667,0.06,9.11,2.15,0.4,15,135.75,52.15
23274,0.05,155.06,7.07,0.59,8,1240.08,724.58
23272,0,291.73,48.8,0.56,1,291.73,114.57
23273,0.07,100.98,45,0.69,12,1210.92,790.53
24229,0.1,367.99,19.99,0.4,9,3311.01,1304.41
24230,0.1,4.24,5.41,0.35,5,20.7,1.83
5272,0,291.73,48.8,0.56,4,1166.92,604.68
5273,0.07,100.98,45,0.69,43,4339.13,2949
5274,0.05,155.06,7.07,0.59,32,4960.32,2919.52
7786,0.09,122.99,70.2,0.74,49,6022.1,4386.15
441,0.01,205.99,19.99,0.6,53,10916.94,6530.17
442,0.09,162.93,19.99,0.39,57,9281.88,3599.94
443,0.07,200.99,4.2,0.59,44,8840.48,5211.68
6229,0.1,367.99,19.99,0.4,34,12508.26,4983.31
6230,0.1,4.24,5.41,0.35,19,78.66,22.12
3667,0.06,9.11,2.15,0.4,62,561.1,222.29
18443,0.07,200.99,4.2,0.59,11,2210.12,1299.77
25786,0.09,122.99,70.2,0.74,12,1474.8,1021.15
18900,0.06,6.88,2,0.39,18,122.76,45.88
21280,0.02,22.84,8.18,0.39,22,502.04,187.62
18955,0.09,21.78,5.94,0.5,7,151.83,69.98
21287,0.06,65.99,8.99,0.56,6,395.58,212.53
21288,0.1,159.99,5.5,0.49,5,799.45,386.23
21289,0.1,6.48,8.73,0.37,10,63.8,14.88
21286,0.02,19.99,11.17,0.6,2,39.94,12.79
19508,0.03,180.98,30,0.69,7,1266.65,843.99
19271,0.01,3.57,4.17,0.59,17,60.52,31.54
19272,0.07,37.76,12.9,0.57,15,565.35,309.35
19273,0.02,124.49,51.94,0.63,13,1618.11,967.47
19773,0.03,105.98,13.99,0.65,7,741.65,468.08
25084,0.05,210.55,9.99,0.6,1,210.5,116.31
25085,0,125.99,7.69,0.58,7,881.93,503.83
25671,0.09,9.85,4.82,0.47,13,126.88,54.81
25672,0.01,2.94,0.81,0.4,5,14.65,5.05
18281,0.04,296.18,54.12,0.76,6,1776.84,1296.28
20845,0.07,9.27,4.39,0.38,10,92,30.57
20846,0.01,3.85,0.7,0.44,12,46.08,19.58
22232,0.03,9.38,4.93,0.57,17,158.95,85.67
23639,0,8.09,7.96,0.49,11,88.99,35.65
23880,0.08,896.99,19.99,0.38,13,11659.83,4410.75
23290,0.02,232.58,19.99,0.59,18,4186.08,2449.8
23291,0.08,26.17,1.39,0.38,14,365.26,137.41
23292,0,15.31,8.78,0.57,2,30.62,8.67
25296,0.1,2.88,0.5,0.39,6,16.68,6.01
23881,0.02,243.98,62.94,0.57,5,1219.8,632.35
25472,0.07,243.98,43.32,0.55,12,2926.92,1566.49
25297,0.08,550.98,45.7,0.71,5,2754.5,1910
26359,0.09,525.98,19.99,0.37,9,4733.01,1731.22
24663,0.05,161.55,19.99,0.66,19,3068.5,2005.22
23841,0.09,4.91,0.5,0.36,9,43.38,15.12
23842,0.01,296.18,54.12,0.76,9,2665.53,1971.68
25591,0.05,18.84,3.62,0.43,13,244.27,101.42
19830,0.02,30.73,4,0.75,14,429.94,318.46
18240,0.1,35.48,35,0.85,10,353.8,265.73
23071,0.07,19.84,4.1,0.44,9,177.93,74.19
19877,0.05,5.18,2.04,0.36,10,51.3,16.43
19611,0.06,175.99,8.99,0.57,23,4046.39,2297.45
18241,0.07,99.99,19.99,0.52,3,299.76,135.89
18242,0.08,30.98,8.99,0.58,13,401.7,224
18846,0.05,2.08,5.33,0.43,3,6.09,-2.71
18847,0.08,15.42,10.68,0.58,21,322.14,176.16
23069,0.07,8.34,1.43,0.35,16,132.32,44.88
23070,0.09,4.98,6.07,0.36,9,44.01,9.77
23203,0.04,12.98,3.14,0.6,16,207.04,121.08
23432,0.06,9.85,4.82,0.47,5,48.95,18.19
23807,0.08,20.99,0.99,0.83,30,627.3,519.67
23808,0.01,9.78,1.39,0.39,11,107.47,40.52
25099,0.01,7.38,11.51,0.36,20,147.4,41.55
25100,0.1,3.71,1.93,0.35,8,28.88,8.18
25101,0.01,150.98,16.01,0.7,25,3774.25,2625.96
24634,0.03,7.99,5.03,0.6,22,175.12,100.04
6243,0.04,160.98,30,0.62,37,5954.78,3661.96
6244,0.01,17.98,4,0.79,146,2623.62,2068.66
4722,0.06,115.99,5.26,0.57,8,927.44,523.38
7830,0.08,6.48,7.37,0.37,17,108.8,32.89
7400,0.03,7.68,6.16,0.35,48,367.2,122.36
3815,0.09,35.99,5,0.85,33,1184.7,1002
4005,0.06,39.24,1.99,0.51,44,1723.92,877.21
4006,0.02,8.01,2.87,0.4,50,399.5,156.93
267,0.08,60.98,49,0.59,24,1461.6,813.34
268,0.05,125.99,8.08,0.57,43,5415.42,3078.71
269,0.1,125.99,8.8,0.59,44,5539.16,3259.3
4332,0.1,6.98,1.6,0.38,60,412.8,155.26
6245,0.06,115.99,8.99,0.58,86,9969.98,5773.6
5212,0,17.67,8.99,0.47,100,1767,821.5
21815,0.09,35.99,5,0.85,8,287.2,239.12
18267,0.08,60.98,49,0.59,6,365.4,166.59
18268,0.05,125.99,8.08,0.57,11,1385.34,781.56
18269,0.1,125.99,8.8,0.59,11,1384.79,808.23
22332,0.1,6.98,1.6,0.38,14,96.32,35
22005,0.06,39.24,1.99,0.51,11,430.98,217.81
22006,0.02,8.01,2.87,0.4,12,95.88,35.48
22722,0.06,115.99,5.26,0.57,2,231.86,126.9
24243,0.04,160.98,30,0.62,9,1448.46,868.05
24245,0.06,115.99,8.99,0.58,20,2318.6,1335.8
25400,0.03,7.68,6.16,0.35,12,91.8,25.97
24244,0.01,17.98,4,0.79,39,700.83,549.66
23212,0,17.67,8.99,0.47,25,441.75,198.63
25830,0.08,6.48,7.37,0.37,4,25.6,2.1
24002,0.01,3.49,0.76,0.39,12,41.76,15.53
25555,0.06,55.99,5,0.8,5,279.65,218.72
18494,0.1,19.98,4,0.68,16,318.08,212.29
20320,0.09,145.45,17.85,0.56,13,1889.68,1040.37
6014,0.04,300.98,54.92,0.55,31,9329.14,5076.11
494,0.1,19.98,4,0.68,65,1292.2,874.7
495,0.09,2.88,1.49,0.36,17,47.43,15.58
5999,0.02,35.44,19.99,0.38,37,1310.54,478.02
6000,0.02,17.7,9.47,0.59,13,229.84,126.14
6001,0.02,9.78,1.99,0.43,31,302.56,128.11
6002,0.01,3.49,0.76,0.39,46,160.08,61.67
6003,0.02,6.48,9.17,0.37,29,187.34,60.15
6778,0.1,5.98,7.5,0.4,28,164.64,58.36
6779,0.07,5.68,1.21,0.4,25,140.25,54.89
1628,0.04,6.88,2,0.39,68,465.12,179.4
1629,0.09,10.97,6.5,0.64,65,707.2,446.11
2320,0.09,145.45,17.85,0.56,53,7704.08,4296.43
7555,0.06,55.99,5,0.8,18,1006.74,800.39
7556,0.03,200.99,8.08,0.59,34,6832.64,4023.18
23999,0.02,35.44,19.99,0.38,9,318.78,101.15
24000,0.02,17.7,9.47,0.59,3,53.04,21.82
24001,0.02,9.78,1.99,0.43,8,78.08,31.58
24778,0.1,5.98,7.5,0.4,7,41.16,8.96
24014,0.04,300.98,54.92,0.55,8,2407.52,1269.22
19628,0.04,6.88,2,0.39,17,116.28,43.35
18495,0.09,2.88,1.49,0.36,4,11.16,2.53
24003,0.02,6.48,9.17,0.37,7,45.22,7.56
25556,0.03,200.99,8.08,0.59,9,1808.64,1059.02
19629,0.09,10.97,6.5,0.64,16,174.08,104.91
24779,0.07,5.68,1.21,0.4,6,33.66,12.25
19074,0.03,4.26,1.2,0.44,7,29.61,11.83
19950,0.01,4.91,0.5,0.36,12,58.8,20.67
19951,0.09,4,1.3,0.37,5,19.55,5.93
20327,0.04,2.61,0.5,0.39,19,48.83,18.54
26241,0.07,2.12,1.99,0.55,12,24.6,11.54
24260,0.07,115.99,2.5,0.55,12,1391.04,762.57
20744,0.01,550.98,45.7,0.71,1,550.97,345.49
21230,0.07,96.45,13.99,0.38,3,289.14,95.88
23055,0.02,3.28,5,0.56,13,42.38,18.73
26242,0.07,1.76,0.7,0.56,3,5.07,2.14
1074,0.03,4.26,1.2,0.44,29,122.67,52.77
1950,0.01,4.91,0.5,0.36,47,230.3,82.41
1951,0.09,4,1.3,0.37,19,74.29,26.19
8241,0.07,2.12,1.99,0.55,46,94.3,49.88
2744,0.01,550.98,45.7,0.71,3,1652.91,1127.87
6260,0.07,115.99,2.5,0.55,52,6027.84,3312.81
8242,0.07,1.76,0.7,0.56,11,18.59,9.71
3230,0.07,96.45,13.99,0.38,13,1252.94,462.13
5055,0.02,3.28,5,0.56,52,169.52,89.93
2327,0.04,2.61,0.5,0.39,76,195.32,75.67
18388,0.08,18.97,9.03,0.37,23,434.47,151.72
20333,0.08,30.44,1.49,0.37,15,455.4,167.01
20334,0.04,6.48,5.74,0.37,13,83.72,25.24
19510,0.09,115.99,5.99,0.57,4,463.6,258.26
18129,0.02,6.48,5.9,0.37,2,12.92,-1.12
20688,0.05,6.3,0.5,0.39,10,62.5,23.88
20689,0.09,205.99,3,0.58,10,2059,1191.22
23671,0.06,8.67,3.5,0.58,13,111.93,61.42
25553,0.05,140.98,36.09,0.77,11,1550.23,1157.59
25554,0.06,4.13,0.99,0.39,14,56.98,21.23
25359,0.02,35.41,1.99,0.43,14,495.46,211.06
25360,0.01,42.76,6.22,,7,299.25,-6.22
21183,0.08,27.48,4,0.75,1,27.4,16.55
26165,0.1,7.1,6.05,0.39,23,161,56.74
26166,0.01,119.99,56.14,0.39,8,959.84,318.2
19942,0.06,8.57,6.14,0.59,11,93.61,49.09
19941,0.1,37.94,5.08,0.38,13,491.92,181.85
18605,0.04,9.99,5.12,0.4,19,189.05,70.5
21125,0.1,4.54,5.83,0.36,2,8.88,-2.63
23112,0.03,6.08,0.91,0.51,3,18.15,8.35
21126,0.01,3.28,3.97,0.56,20,65.4,32.65
24599,0.06,4.82,1.49,0.36,3,14.28,3.65
24600,0.02,175.99,8.99,0.57,6,1055.82,592.83
23113,0.02,22.01,5.53,0.59,23,505.77,292.87
24319,0.02,1.74,4.08,0.53,5,8.6,0.48
18161,0.07,15.74,1.39,0.4,14,219.38,86.36
19544,0.1,111.03,8.64,0.78,43,4769.99,3711.95
25021,0.09,2.89,0.5,0.38,7,19.6,6.95
24446,0.05,20.99,0.99,0.37,19,397.86,146.22
25285,0.06,115.99,56.14,0.4,1,115.93,-9.77
21340,0.1,8.67,3.5,0.58,17,145.69,81
23480,0.08,10.64,5.16,0.57,14,147.84,79.11
20527,0,70.97,3.5,0.59,3,212.91,122.12
20528,0.08,37.94,5.08,0.38,32,1211.52,455.3
23463,0.03,70.89,89.3,0.69,6,425.16,204.06
21589,0.04,35.89,14.72,0.4,6,215.1,71.32
20979,0.04,22.24,1.99,0.43,5,111,45.74
20529,0.06,2036.48,14.7,0.55,3,6109.26,3345.39
25762,0.04,18.97,9.54,0.37,5,94.65,25.48
25764,0.09,10.98,3.37,0.57,8,87.12,46.29
26309,0.06,6.68,5.2,0.37,8,52.96,14.4
25763,0.02,2.88,0.7,0.56,44,125.84,69.77
25322,0.09,14.45,7.17,0.38,9,129.24,41.94
18609,0.1,193.17,19.99,0.71,1,193.07,117.09
21809,0.02,35.99,1.1,0.55,1,35.97,18.68
20700,0.07,10.23,4.68,0.59,2,20.32,7.31
21055,0.06,11.58,6.97,0.35,12,138.24,41.41
24803,0.03,22.84,11.54,0.39,13,296.53,104.11
21054,0.01,2.94,0.96,0.58,8,23.44,12.64
24805,0.05,10.98,3.37,0.57,6,65.58,34.01
24849,0.06,7.04,2.17,0.38,2,13.96,3.13
25582,0.07,154.13,69,0.68,3,462.18,245.28
26053,0.07,3.75,0.5,0.37,10,36.8,13.12
25570,0.03,5.68,1.46,0.39,18,101.7,38.2
25571,0.07,1.68,1,0.35,20,32.2,10.27
23365,0.01,45.98,4.8,0.68,4,183.88,120.24
22907,0.06,180.98,26.2,0.59,5,904.6,507.51
23194,0.04,80.98,4.5,0.59,15,1214.1,711.82
23195,0,33.29,8.74,0.61,12,399.48,234.94
23364,0.07,1.88,1.49,0.37,17,30.77,9.89
22908,0.01,7.28,7.98,0.42,13,94.51,31.71
24804,0.06,9.99,6.24,0.36,1,9.93,-2.67
21581,0.03,9.93,1.09,0.43,6,59.4,24.45
23672,0,46.89,5.1,0.46,3,140.67,59.61
19058,0.09,32.98,5.5,0.75,2,65.78,43.84
20679,0.09,5.98,2.5,0.36,5,29.45,8.1
19360,0.05,15.67,1.39,0.38,9,140.58,52.03
19518,0,30.93,3.92,0.44,7,216.51,91.34
19519,0.08,19.98,5.86,0.38,3,59.7,16.83
21103,0.09,2.88,0.7,0.56,2,5.58,2.42
22243,0.01,79.52,48.2,0.74,8,636.08,422.5
21767,0.01,65.99,8.99,0.6,5,329.9,188.95
22470,0.1,39.98,4,0.7,21,837.48,582.24
21389,0.06,95.99,4.9,0.56,12,1151.16,639.75
22431,0.05,43.22,4,0.64,6,259.02,161.77
22432,0,205.99,5.26,0.56,6,1235.94,686.87
23318,0.03,6.78,6.18,0.39,13,87.75,28.04
24039,0.1,10.14,2.27,0.36,13,130.52,44.72
24436,0.03,11.66,7.95,0.58,16,186.08,99.98
24162,0.07,3.29,1.35,0.4,2,6.44,1.23
24163,0,15.73,7.42,0.56,20,314.6,168.76
24164,0.06,34.76,8.22,0.57,5,173.5,90.68
25542,0.1,419.19,19.99,0.58,10,4190.9,2410.73
25394,0.01,19.98,5.86,0.38,23,459.31,168.68
22329,0.01,95.99,4.9,0.56,13,1247.74,693.83
20324,0.03,10.89,4.5,0.59,3,32.58,14.72
18351,0.06,14.48,6.46,0.38,6,86.52,26.42
18352,0.01,35.99,0.99,0.35,7,251.86,87.16
22567,0.03,165.98,19.99,0.4,6,995.7,378.29
26219,0.1,8.01,2.87,0.4,1,7.91,0.29
22568,0.01,1.6,1.29,0.42,10,15.9,5.39
18956,0.08,10.9,7.46,0.59,15,162.3,88.3
25404,0,21.98,2.87,0.55,24,527.52,287.27
26282,0.09,12.53,0.5,0.38,4,49.76,18.41
26283,0.03,5.85,2.27,0.56,19,110.58,59.65
26252,0.09,8.5,1.99,0.49,10,84.1,39.22
26253,0.02,8.34,0.96,0.43,10,83.2,34.82
26254,0.02,48.91,5.81,0.38,10,488.9,179.97
19313,0.09,120.98,9.07,0.35,9,1088.01,371.73
22102,0.04,92.23,39.61,0.67,6,553.14,330.99
22103,0.04,2.88,0.7,0.56,8,22.72,12.02
21170,0.05,262.11,62.74,0.75,24,6289.44,4654.34
22531,0.01,5.84,1.2,0.55,30,174.9,95
22104,0.02,205.99,8.99,0.58,4,823.88,468.86
26102,0.05,100.98,35.84,0.62,7,706.51,402.2
26103,0.02,4.98,5.49,0.38,9,44.64,11.47
23005,0.05,6.48,9.17,0.37,22,141.46,43.17
24288,0.06,3.28,3.97,0.56,7,22.54,8.65
24945,0.03,150.98,66.27,0.65,8,1207.6,718.67
21040,0.08,399.98,12.06,0.56,5,1999.5,1107.66
20580,0.1,2.88,0.5,0.36,17,47.26,16.51
18994,0,65.99,8.99,0.58,8,527.92,297.2
18995,0.02,20.99,0.99,0.37,5,104.85,37.8
23700,0.09,67.28,19.99,0.4,9,604.71,221.89
23701,0.1,42.76,6.22,,7,298.62,-6.22
24702,0.04,4.91,0.5,0.36,18,87.66,31.06
19315,0.08,43.22,16.71,0.66,3,129.42,68.71
19316,0.05,574.74,24.49,0.37,12,6896.28,2527.13
19317,0.04,10.14,2.27,0.36,3,30.3,8.64
20953,0.04,300.98,64.73,0.56,6,1805.64,946.43
20954,0.08,29.99,5.5,0.51,3,89.73,40.26
19886,0.09,9.71,9.45,0.6,1,9.62,-3.68
18302,0.01,40.99,17.48,0.36,4,163.92,41.53
19314,0.05,1.88,1.49,0.37,1,1.83,-0.81
23336,0.04,8.46,8.99,0.79,14,117.88,84.14
20955,0,4.98,7.44,0.36,7,34.86,5.11
23552,0,5.74,5.3,0.55,9,51.66,23.11
19935,0,4.84,0.71,0.52,3,14.52,6.84
26018,0.09,100.98,35.84,0.62,5,504.45,276.92
26017,0.07,22.38,15.1,0.38,7,156.17,44.24
24126,0.08,6.48,5.14,0.37,1,6.4,-2.77
24127,0.04,8.34,2.64,0.59,4,33.2,16.95
24128,0.01,64.65,35,0.8,5,323.2,223.56
25046,0.09,63.98,11.55,0.38,13,830.57,304.07
26129,0.07,7.68,6.16,0.35,12,91.32,25.8
26130,0.05,200.99,4.2,0.59,3,602.82,351.46
21911,0.08,15.74,1.39,0.4,11,172.26,67.51
21912,0.01,9.65,6.22,0.55,8,77.12,36.2
23304,0.02,6.48,6.74,0.37,8,51.68,12.38
20173,0.1,60.22,3.5,0.57,21,1262.52,716.14
20174,0.05,80.98,35,0.83,7,566.51,435.2
20175,0.07,179.29,56.2,0.71,4,716.88,452.78
20077,0.03,420.98,19.99,0.35,5,2104.75,716.67
23315,0.09,291.73,48.8,0.56,21,6124.44,3380.89
22200,0.07,140.98,36.09,0.77,21,2959.11,2242.42
5361,0.02,49.99,19.99,0.41,18,899.46,348.79
522,0.07,1.68,1.57,0.59,116,186.76,108.62
1768,0.02,15.04,1.97,0.39,22,330.44,126.9
3250,0.09,808.49,55.3,0.4,3,2425.2,914.78
3600,0.02,3.69,0.5,0.38,13,47.71,17.63
5946,0.08,2.61,0.5,0.39,52,131.56,50.81
521,0.07,10.06,2.06,0.39,97,969.03,375.86
1051,0.01,95.98,58.2,0.58,90,8637.3,4951.43
23946,0.08,2.61,0.5,0.39,13,32.89,12.33
19051,0.01,95.98,58.2,0.58,23,2207.31,1222.04
23361,0.02,49.99,19.99,0.41,5,249.85,82.45
21600,0.02,3.69,0.5,0.38,3,11.01,3.68
21250,0.09,808.49,55.3,0.4,1,808.4,268.06
19768,0.02,15.04,1.97,0.39,6,90.12,33.18
18521,0.07,10.06,2.06,0.39,23,229.77,87.55
18522,0.07,1.68,1.57,0.59,29,46.69,25.98
18817,0.1,58.1,1.49,0.38,3,174,64.63
18818,0.01,80.48,4.5,0.55,1,80.47,39.76
20520,0.05,3.8,1.49,0.38,14,52.5,18.46
20521,0.09,30.73,4,0.75,7,214.48,156.86
20522,0,125.99,8.08,0.57,22,2771.78,1571.83
21604,0.08,39.48,1.99,0.54,2,78.8,40.56
21605,0.04,38.76,13.26,0.36,4,154.88,42.5
19663,0,213.45,14.7,0.59,1,213.45,111.24
20645,0.07,6.54,5.27,0.36,21,135.87,43.64
24273,0.02,6.48,9.17,0.37,4,25.84,0.39
20646,0.09,3.29,1.35,0.4,23,73.6,28.09
23064,0.09,140.98,53.48,0.65,2,281.78,129.68
22558,0.08,7.28,11.15,0.37,20,144,42.13
22559,0.08,424.21,110.2,0.67,6,2544.78,1594.8
22560,0.09,200.99,8.08,0.59,22,4419.8,2599.6
24902,0.09,3.98,5.26,0.38,8,31.12,6.57
25411,0.03,3.25,49,0.56,5,16.1,-39.98
18767,0.06,5.78,7.64,0.36,2,11.44,-3.52
18768,0.04,45.99,4.99,0.56,4,183.8,97.94
19876,0.09,6.78,6.18,0.39,14,93.66,30.35
25158,0,161.55,19.99,0.66,19,3069.45,2005.85
22048,0.05,6.48,8.73,0.37,8,51.44,10.3
24147,0.04,5.98,5.46,0.36,16,95.04,28.75
21691,0.08,40.98,5.33,0.57,2,81.8,41.3
22308,0.02,71.37,69,0.68,8,570.8,319.14
7158,0,161.55,19.99,0.66,77,12439.35,8189.98
768,0.04,45.99,4.99,0.56,15,689.25,380.99
3691,0.08,40.98,5.33,0.57,8,327.2,181.17
767,0.06,5.78,7.64,0.36,7,40.04,6.77
4048,0.05,6.48,8.73,0.37,30,192.9,62.64
6147,0.04,5.98,5.46,0.36,65,386.1,133.54
4308,0.02,71.37,69,0.68,34,2425.9,1580.61
1876,0.09,6.78,6.18,0.39,54,361.26,134.71
26346,0.05,20.99,0.99,0.83,5,104.7,85.91
25543,0.05,20.98,53.03,0.78,5,104.65,28.6
20778,0.02,11.58,5.72,0.35,2,23.12,2.37
20779,0,30.98,8.74,0.4,8,247.84,90.4
22136,0.09,12.28,4.86,0.38,3,36.57,9.04
18783,0.03,7.37,5.53,0.69,11,80.74,50.18
18880,0.04,85.99,10.78,0.58,5,429.75,238.48
18896,0.02,9.77,6.02,0.48,3,29.25,8.02
18897,0.06,5.98,5.2,0.36,14,82.88,24.64
20501,0.04,99.99,19.99,0.5,13,1299.35,629.68
20502,0.01,55.5,52.2,0.72,13,721.37,467.19
20503,0.09,33.29,8.74,0.61,3,99.6,52.02
20806,0.05,12.88,4.59,0.82,16,205.28,163.74
23148,0.1,65.99,8.99,0.56,14,922.46,507.59
18915,0.01,15.98,4,0.37,7,111.79,37.36
25881,0,5.89,5.57,0.41,1,5.89,-3.16
21401,0.05,1.86,2.58,0.82,9,16.29,10.78
23097,0.09,5.4,7.78,0.37,4,21.24,0.08
23098,0.02,20.28,6.68,0.53,3,60.78,25.53
23099,0,11.55,2.36,0.55,5,57.75,29.4
21367,0.02,376.13,85.63,0.74,6,2256.66,1584.3
21790,0.09,10.94,1.39,0.35,2,21.7,6.2
18025,0.09,4.98,4.62,0.64,12,58.68,32.94
23605,0.01,10.06,2.06,0.39,2,20.1,5.78
23606,0,65.99,5.92,0.55,3,197.97,102.96
23100,0.05,2.08,2.56,0.55,20,40.6,19.77
24204,0.09,200.99,4.2,0.59,3,602.7,351.39
23607,0.04,155.99,8.99,0.58,14,2183.3,1257.32
24198,0,31.76,45.51,0.65,15,476.4,264.15
23939,0.01,64.65,35,0.8,9,581.76,430.41
24205,0.08,40.97,8.99,0.59,11,449.79,256.39
25362,0.08,22.72,8.99,0.44,14,316.96,130.47
24570,0.03,5.84,1.2,0.55,6,34.86,17.97
24547,0.01,145.98,46.2,0.69,10,1459.7,960.99
24571,0.04,16.91,6.25,0.58,4,67.48,32.89
24504,0.04,63.98,11.55,0.38,9,575.46,207.12
24505,0.1,22.01,5.53,0.59,4,87.64,46.18
24506,0.01,120.33,19.99,0.59,13,1564.16,902.86
25305,0.01,8.85,5.6,0.36,12,106.08,32.59
25306,0.05,7.96,4.95,0.41,1,7.91,-1.71
18813,0.09,4.84,0.71,0.52,3,14.25,6.7
18466,0.05,20.99,3.3,0.81,12,251.28,200.24
18854,0.07,22.23,5.08,0.41,4,88.64,31.26
19960,0.08,4.98,0.49,0.39,11,53.9,20.53
19763,0.08,55.98,4.86,0.36,1,55.9,15.26
19764,0.05,26.38,5.86,0.39,7,184.31,66.02
19765,0.07,155.06,7.07,0.59,7,1084.93,633.04
23143,0,55.99,5,0.8,9,503.91,398.13
23149,0.07,3.14,1.14,0.4,18,55.26,20.96
23150,0.08,3.57,4.17,0.59,8,27.92,12.3
21469,0.03,7.3,7.72,0.38,17,123.59,39.24
21470,0,29.89,1.99,0.5,7,209.23,102.62
21999,0.07,2.78,1.49,0.36,12,32.52,10.22
26303,0.05,119.99,56.14,0.39,6,719.64,224.52
18249,0.06,2.84,0.93,0.54,9,25.02,12.58
18669,0.04,125.99,7.69,0.58,5,629.75,357.56
21644,0.07,8.33,1.99,0.52,12,99.12,49.55
18734,0.1,8.69,2.99,0.39,2,17.18,3.71
18670,0.03,3.75,0.5,0.37,25,93,33.91
18671,0.07,12.28,6.47,0.38,1,12.21,-1.83
18672,0.01,155.99,8.99,0.58,15,2339.7,1348.04
21643,0,33.94,19.19,0.58,8,271.52,138.29
18607,0.01,130.98,54.74,0.69,13,1702.61,1120.06
18608,0.02,30.97,4,0.74,6,185.7,133.42
23119,0.05,7.98,6.5,0.59,2,15.86,2.86
21846,0.08,105.98,13.99,0.65,1,105.9,54.85
24713,0.06,4.28,5.74,0.4,16,67.52,21.27
21845,0.1,7.08,2.35,0.47,3,20.94,7.49
21203,0.03,60.89,32.41,0.56,7,426.02,206.16
21302,0.03,6.48,5.74,0.37,8,51.6,13.35
20477,0.03,65.99,8.99,0.56,21,1385.16,766.7
21512,0.02,81.94,55.81,0.6,1,81.92,-6.66
21513,0,37.94,5.08,0.38,4,151.76,52.59
21371,0,14.48,1.99,0.49,1,14.48,5.11
21372,0.04,99.99,19.99,0.5,12,1199.4,579.71
21373,0.01,4.98,4.86,0.38,1,4.97,-2.97
19496,0.05,19.98,5.77,0.38,10,199.3,69.96
25500,0.07,5.81,8.49,0.39,10,57.4,13.9
25501,0.04,9.65,6.22,0.55,12,115.32,57.21
23058,0.06,279.81,23.19,0.59,6,1678.5,967.12
25121,0.03,28.53,1.49,0.38,7,199.5,74.32
25122,0.01,15.28,1.99,0.42,2,30.54,10.84
22044,0.06,3.34,7.49,0.54,8,26.24,6.68
25120,0.07,11.97,4.98,0.58,6,71.4,36.43
22111,0.01,6.48,5.19,0.37,5,32.35,6.78
18885,0,442.14,14.7,0.56,10,4421.4,2461.28
21913,0.02,65.99,8.99,0.56,4,263.88,138.78
23264,0.05,60.22,3.5,0.57,9,541.53,305.17
18679,0.09,8.75,8.54,0.43,14,121.24,43.59
23222,0.05,6.48,7.37,0.37,13,83.59,23.56
18143,0.06,59.98,3.99,0.57,6,359.52,200.94
18144,0.02,14.58,7.4,0.48,7,101.92,41.52
25921,0,11.48,5.43,0.36,1,11.48,-1.3
25922,0.06,6.68,5.66,0.37,5,33.1,6.59
24769,0.07,40.97,14.45,0.57,10,409,218.68
24327,0.1,19.98,5.77,0.38,3,59.64,16.89
19732,0.03,39.98,4,0.7,9,359.55,247.68
20245,0.09,2.18,1.38,0.44,9,18.81,6.9
24035,0.1,115.99,3,0.59,12,1390.68,817.5
22741,0.07,279.48,35,0.8,14,3911.74,3094.39
24328,0.06,259.71,66.67,0.61,11,2856.15,1675.58
25264,0.01,5.94,9.92,0.38,13,77.09,19.37
25265,0.02,125.99,3,0.59,8,1007.76,591.58
24682,0.01,15.98,4,0.37,11,175.67,61
25661,0.06,499.99,24.49,0.36,3,1499.79,515.43
26106,0.1,18.65,3.77,0.39,7,129.85,46.87
26107,0,2.88,1.49,0.36,21,60.48,20.28
25714,0.05,10.06,2.06,0.39,17,170.17,64.31
18167,0.09,8.46,3.62,0.61,10,83.7,47.44
20057,0.05,48.58,54.11,0.69,21,1019.13,649.09
24346,0,51.98,10.17,0.37,16,831.68,297.55
24347,0.06,218.75,69.64,0.72,16,3499.04,2449.67
18849,0.02,146.05,80.2,0.71,5,730.15,438.21
18850,0.06,65.99,5.92,0.55,14,923.02,501.74
18842,0.09,2.88,0.99,0.36,10,27.9,9.05
18904,0.06,6.48,6.74,0.37,10,64.2,17.01
24397,0.06,35.99,1.1,0.55,5,179.65,97.71
22448,0.07,2.78,1.34,0.45,17,46.07,19.39
25944,0.06,22.23,8.99,0.41,9,199.53,72.82
26388,0.1,9.11,2.15,0.4,1,9.01,1.45
18905,0.09,125.99,7.69,0.58,13,1636.7,941.6
18773,0.02,2.58,1.3,0.59,39,99.84,57.61
18774,0.02,65.99,3.9,0.55,27,1781.19,975.75
18246,0.05,11.09,5.25,0.36,19,209.76,70.26
20540,0.04,10.64,5.16,0.57,12,127.2,67.34
20541,0.1,14.42,6.75,0.52,4,57.28,23.04
20542,0.08,279.81,23.19,0.59,1,279.73,141.85
20543,0.02,5.84,0.83,0.49,3,17.46,7.73
21672,0.02,205.99,5.99,0.59,12,2471.64,1452.28
21825,0.03,115.79,1.99,0.49,4,463.04,224.9
25459,0.1,15.68,3.73,0.46,7,109.06,46.44
25934,0.1,286.85,61.76,0.78,18,5161.5,3964.21
25935,0.04,11.58,6.97,0.35,18,207.72,65.73
18801,0.1,280.98,35.67,0.66,5,1404.4,891.23
18961,0.07,8.12,2.83,0.77,22,177.1,133.54
18079,0.01,115.99,5.26,0.57,23,2667.54,1515.24
18816,0.01,20.98,1.49,0.35,1,20.97,5.85
26365,0,306.14,26.53,0.56,5,1530.7,830.66
21925,0.09,28.48,1.99,0.4,14,397.46,156.99
25275,0.04,8.46,3.62,0.61,12,101.04,58.01
23731,0.02,10.94,1.39,0.35,4,43.68,13.9
20577,0.03,8.34,2.64,0.59,4,33.24,16.97
19015,0.04,40.48,19.99,0.77,12,485.28,353.68
19016,0.09,26.48,6.93,0.49,2,52.78,18.93
21923,0.08,26.64,5.3,,16,424.96,-5.3
21924,0.08,12.07,6.2,0.52,12,143.88,68.62
20576,0.1,78.65,13.99,0.52,2,157.1,67.7
19912,0.04,3.69,0.5,0.38,9,32.85,11.98
24498,0.05,17.48,1.99,0.45,3,52.29,21.54
26112,0.01,4.98,4.62,0.64,4,19.88,8.1
26113,0.08,21.38,8.99,0.59,3,63.9,28.71
24339,0.01,2.62,0.8,0.39,31,80.91,30.75
26127,0.04,5.53,6.98,0.39,8,43.92,10.15
26128,0.1,55.98,13.88,0.36,9,502.92,167.17
24497,0.09,60.98,30,0.7,4,243.56,140.49
18011,0.09,2.88,0.7,0.56,10,27.9,14.92
24337,0,232.58,19.99,0.59,33,7675.14,4508.34
24338,0.06,3.08,0.5,0.37,33,99.66,36.37
26234,0.03,170.98,35.89,0.66,9,1538.55,979.55
26235,0,20.99,4.81,0.58,3,62.97,31.71
18094,0.04,17.7,9.47,0.59,12,211.92,115.56
20895,0.04,54.96,10.75,0.36,2,109.84,28.79
18084,0,150.89,60.2,0.77,9,1358.01,985.47
21012,0.09,115.99,2.5,0.58,3,347.7,199.17
22370,0.05,31.76,45.51,0.65,9,285.39,139.99
22360,0.02,46.94,6.77,0.44,12,563.04,240.97
22361,0.07,167.27,35,0.85,8,1337.6,1101.96
21938,0.03,19.84,4.1,0.44,20,396.2,170.23
21939,0.08,5.84,1,0.38,1,5.76,1.19
21708,0.03,1889.99,19.99,0.36,1,1889.96,660.4
21709,0.04,6.68,6.93,0.37,18,119.52,37.29
25579,0.04,35.99,5.99,0.38,11,395.45,144.28
26177,0.01,22.38,15.1,0.38,4,89.48,18.9
20858,0,73.98,12.14,0.67,17,1257.66,830.49
19823,0.08,6.48,7.03,0.37,10,64,16.65
19824,0.01,20.34,35,0.84,33,670.89,528.55
21311,0.1,195.99,4.2,0.6,16,3134.24,1876.34
21312,0.01,125.99,8.08,0.57,22,2771.56,1571.71
18770,0.02,5.58,5.3,0.35,3,16.68,0.54
18771,0.03,40.89,18.98,0.57,5,204.3,97.47
23059,0.09,35.94,6.66,0.4,6,215.1,79.38
23060,0,170.98,13.99,0.75,7,1196.86,883.66
23061,0.09,4.98,7.44,0.36,9,44.01,8.4
23025,0.04,4.91,0.5,0.36,13,63.31,22.29
23026,0.08,85.99,0.99,0.55,18,1546.38,849.52
22760,0.03,14.34,5,0.49,6,85.86,37.07
22487,0.07,140.99,4.2,0.59,5,704.6,411.51
25401,0.09,150.98,13.99,0.38,14,2112.46,788.74
23197,0.1,4.28,1.6,0.58,13,54.34,29.92
24403,0.07,21.78,5.94,0.5,12,260.52,124.32
23573,0.02,11.97,5.81,0.6,19,227.05,130.42
23574,0.03,159.31,60,0.55,9,1433.52,728.44
19515,0.1,80.97,30.06,0.4,12,970.44,358.12
20991,0.03,10.14,2.27,0.36,4,40.44,12.29
22087,0,17.48,1.99,0.45,1,17.48,5.88
22088,0.06,6.98,9.69,0.83,4,27.68,13.28
21326,0,6.48,5.84,0.37,15,97.2,30.12
770,0.02,5.58,5.3,0.35,11,61.16,16.11
771,0.03,40.89,18.98,0.57,21,858.06,470.11
5059,0.09,35.94,6.66,0.4,24,860.4,337.5
5061,0.09,4.98,7.44,0.36,37,180.93,57.69
2991,0.03,10.14,2.27,0.36,17,171.87,59.6
5025,0.04,4.91,0.5,0.36,52,253.24,90.67
5026,0.08,85.99,0.99,0.55,71,6099.61,3353.8
7401,0.09,150.98,13.99,0.38,55,8298.95,3139.61
4760,0.03,14.34,5,0.49,24,343.44,163.29
5197,0.1,4.28,1.6,0.58,52,217.36,124.47
4487,0.07,140.99,4.2,0.59,21,2959.32,1741.8
4087,0,17.48,1.99,0.45,4,69.92,29.47
4088,0.06,6.98,9.69,0.83,18,124.56,93.69
3326,0,6.48,5.84,0.37,59,382.32,135.62
1515,0.1,80.97,30.06,0.4,46,3720.02,1457.95
6403,0.07,21.78,5.94,0.5,48,1042.08,515.1
5573,0.02,11.97,5.81,0.6,76,908.2,539.11
5574,0.03,159.31,60,0.55,34,5415.52,2918.54
5060,0,170.98,13.99,0.75,30,5129.4,3833.06
19410,0.06,100.98,57.38,0.78,8,807.36,572.36
18925,0.09,2.62,0.8,0.39,5,12.65,4.13
22180,0.09,15.28,10.91,0.36,4,60.76,10.96
23504,0.04,1.98,0.7,0.83,3,5.82,4.13
24137,0.07,8.04,8.94,0.4,1,7.97,-5.75
20622,0.09,3.98,2.97,0.35,7,27.23,6.56
20623,0.03,35.99,5,0.85,4,143.84,117.26
19412,0.1,5.53,6.98,0.39,6,32.58,5.73
24819,0.03,3.28,3.97,0.56,1,3.25,-2.15
23503,0.03,55.99,5,0.83,9,503.64,413.02
24512,0.1,1.68,1.57,0.59,11,17.38,8.68
19411,0.04,122.99,70.2,0.74,6,737.7,475.7
19168,0,4.13,5.34,0.38,9,37.17,8.78
19169,0.1,130.98,54.74,0.69,9,1177.92,758.02
22885,0.09,20.99,0.99,0.57,2,41.8,22.84
23019,0.08,113.98,30,0.69,6,683.4,441.55
23021,0.08,47.9,5.86,0.37,5,239.1,82.61
24808,0.05,16.48,1.99,0.42,8,131.44,53.21
22841,0.08,1.8,4.79,0.37,6,10.32,-0.97
22842,0.04,4.98,0.49,0.39,9,44.46,16.85
23747,0,5.4,7.78,0.37,4,21.6,0.21
23020,0.09,30.73,4,0.75,1,30.64,18.98
25624,0.09,28.48,1.99,0.4,7,198.73,77.5
25625,0.08,65.99,4.99,0.58,14,922.74,530.2
24809,0.08,20.24,6.67,0.49,15,302.4,141.51
24810,0,18.97,9.03,0.37,16,303.52,103.27
24811,0.09,125.99,8.99,0.55,19,2392.1,1306.66
24893,0.05,70.98,30,0.73,11,780.23,539.57
21223,0.04,4.98,4.62,0.64,20,98.8,58.61
20189,0,3.98,5.26,0.38,3,11.94,-0.72
22290,0.02,6.48,9.54,0.37,11,71.06,16.75
22796,0.02,55.99,5,0.8,7,391.79,308.43
21222,0.01,218.08,18.06,0.57,22,4797.54,2716.54
26178,0.09,81.32,0.99,0.57,10,812.3,462.02
26179,0.06,3.71,1.93,0.35,5,18.25,4.46
26180,0.06,6.48,5.94,0.37,15,96.3,29.69
22952,0.08,5.28,6.26,0.4,18,93.6,31.18
22953,0.01,59.76,9.71,0.57,32,1912,1080.13
26181,0.01,18.97,9.03,0.37,19,360.24,124.26
26182,0.09,31.98,6.72,0.75,2,63.78,41.12
19425,0.04,90.97,14,0.36,3,272.79,84.2
19402,0.09,33.98,19.99,0.55,12,406.68,203.68
23864,0.1,120.98,9.07,0.35,18,2175.84,752.47
19403,0.02,8.6,6.19,0.38,41,351.78,127.49
19426,0.02,44.43,46.59,0.67,2,88.82,12.92
23170,0.05,10.89,4.5,0.59,2,21.68,8.29
24425,0.06,6.48,7.86,0.37,1,6.42,-5.48
18286,0.09,136.98,24.49,0.59,14,1916.46,1106.22
18287,0.01,399.98,12.06,0.56,19,7599.43,4243.62
21805,0.01,10.97,6.5,0.64,12,131.52,77.67
23746,0.06,122.99,70.2,0.74,9,1106.37,748.51
18049,0.07,208.16,68.02,0.58,26,5410.34,3069.98
18050,0.01,8.69,2.99,0.39,14,121.52,44.4
20621,0.05,90.97,14,0.36,8,727.36,247.85
20672,0.06,179.29,29.21,0.74,12,2150.76,1562.35
18224,0.07,65.99,8.99,0.59,21,1384.32,807.76
21410,0.06,350.99,39,0.55,13,4562.09,2470.15
20932,0.02,48.58,3.99,0.56,10,485.6,267.95
20933,0.03,205.99,8.99,0.6,3,617.88,361.74
22216,0,6.37,5.19,0.38,13,82.81,26.28
22217,0.1,500.98,26,0.6,9,4507.92,2678.75
22189,0,15.01,8.4,0.39,4,60.04,15.02
23302,0.01,8.33,1.99,0.52,8,66.56,32.62
23303,0.04,85.99,0.99,0.55,17,1461.15,802.64
22708,0.1,9.85,4.82,0.47,9,87.75,36.42
22561,0.1,70.89,89.3,0.69,19,1345.01,838.76
23335,0.1,21.98,8.32,0.39,4,87.52,25.81
24148,0.07,11.58,6.97,0.35,18,207.18,65.54
24149,0,15.31,8.78,0.57,7,107.17,52.31
23686,0.1,160.98,30,0.62,14,2252.32,1366.44
23687,0,119.99,56.14,0.39,7,839.93,271.43
23688,0.02,35.99,5,0.85,15,539.55,453.62
24816,0.01,15.04,1.97,0.39,24,360.72,138.71
23730,0.04,100.98,35.84,0.62,8,807.52,464.82
5302,0.01,8.33,1.99,0.52,32,266.24,136.45
3410,0.06,350.99,39,0.55,54,18950.22,10383.62
6148,0.07,11.58,6.97,0.35,71,817.21,279.05
6149,0,15.31,8.78,0.57,28,428.68,235.57
2932,0.02,48.58,3.99,0.56,40,1942.4,1083.75
5687,0,119.99,56.14,0.39,29,3479.71,1300.95
5688,0.02,35.99,5,0.85,61,2194.17,1860.04
4216,0,6.37,5.19,0.38,53,337.61,123.1
4217,0.1,500.98,26,0.6,36,18031.68,10793.01
4708,0.1,9.85,4.82,0.47,35,341.25,155.57
4561,0.1,70.89,89.3,0.69,74,5238.46,3525.24
6816,0.01,15.04,1.97,0.39,94,1412.82,549.03
2621,0.05,90.97,14,0.36,33,3000.36,1066.13
2672,0.06,179.29,29.21,0.74,46,8244.58,6071.78
5335,0.1,21.98,8.32,0.39,14,306.32,111.14
4189,0,15.01,8.4,0.39,14,210.14,73.55
5303,0.04,85.99,0.99,0.55,76,6532.2,3591.72
2933,0.03,205.99,8.99,0.6,15,3089.4,1844.65
5686,0.1,160.98,30,0.62,63,10135.44,6253.97
224,0.07,65.99,8.99,0.59,84,5537.28,3258.01
5730,0.04,100.98,35.84,0.62,34,3431.96,2091.98
26167,0,420.98,19.99,0.35,2,841.96,274.7
26168,0.02,6.48,9.68,0.36,16,103.36,27.53
26041,0.09,7.68,6.16,0.35,9,68.31,17.75
19212,0.09,9.99,6.24,0.36,7,69.3,18.71
22998,0.03,4.82,5.72,0.47,37,177.23,77.58
21637,0.08,5.78,4.96,0.36,18,102.6,31.98
26169,0.07,36.55,13.89,0.41,17,620.16,240.38
24437,0.01,37.94,5.08,0.38,6,227.58,81.4
25361,0.05,320.98,58.95,0.57,10,3209.3,1770.35
23047,0.05,6.23,6.97,0.36,5,30.9,4.15
24263,0.09,810.98,16.06,0.56,14,11352.46,6341.32
21165,0.1,110.98,35,0.82,1,110.88,55.92
18853,0.04,1637.53,24.49,0.81,2,3274.98,2628.24
19017,0.05,15.67,1.39,0.38,19,296.78,111.39
19551,0.05,43.41,2.99,0.39,2,86.72,30.83
18852,0.01,19.98,4,0.68,2,39.94,23.16
18032,0.09,7.38,5.21,0.56,9,65.61,31.53
18033,0.04,5.98,5.15,0.36,17,100.98,31.2
18034,0.04,15.42,10.68,0.58,12,184.56,96.36
23044,0.05,280.98,57,0.78,5,1404.65,1038.63
23045,0.09,14.03,9.37,0.56,43,599.42,326.31
23334,0.04,29.99,5.5,0.51,12,359.4,177.79
24150,0.05,4.98,4.72,0.36,9,44.37,11.25
20641,0.04,8.33,1.99,0.52,11,91.19,45.43
25670,0.03,31.74,12.62,0.37,8,253.68,81.24
24411,0,3.58,5.47,0.37,9,32.22,6.45
22879,0.01,10.23,4.68,0.59,39,398.58,230.48
25569,0.01,195.99,3.99,0.59,5,979.9,574.15
25809,0,306.14,26.53,0.56,41,12551.74,7002.44
23876,0.02,12.98,3.14,0.6,25,324,191.26
25111,0.06,7.99,5.03,0.6,4,31.72,14
21052,0.08,51.75,19.99,0.55,5,258.35,122.1
21053,0.1,55.29,5.08,0.59,4,220.76,125.17
20487,0.08,130.98,30,0.78,14,1832.6,1399.43
20455,0.02,8.33,1.99,0.52,10,83.1,41.22
20456,0,30.98,6.5,0.79,5,154.9,115.87
20457,0.06,22.98,7.58,0.51,21,481.32,237.89
19159,0.06,296.18,54.12,0.76,5,1480.6,1071.14
24620,0.1,205.99,5.99,0.59,20,4117.8,2423.51
19158,0.01,29.1,4,0.78,8,232.72,177.52
24619,0.05,59.98,3.99,0.57,18,1078.74,610.89
21303,0.09,199.99,24.49,0.46,24,4797.6,2182.41
18261,0.06,276.2,24.49,,14,3865.96,-24.49
18262,0.09,6.28,5.29,0.43,1,6.19,-2.63
19318,0.1,25.98,14.36,0.6,21,543.48,311.73
19319,0.09,4.13,0.99,0.39,5,20.2,6.89
19320,0,125.99,5.63,0.6,10,1259.9,750.31
21449,0.06,2.16,6.05,0.37,8,16.8,0.17
22120,0.08,200.98,23.76,0.58,20,4018,2306.68
22121,0.06,810.98,16.06,0.56,10,8109.2,4525.09
22122,0.06,4.71,0.7,0.85,15,69.75,58.59
20044,0.02,35.99,5.99,0.38,16,575.52,212.71
23986,0.09,400.97,48.26,0.36,15,6013.2,2116.49
25842,0.09,5.68,1.39,0.38,5,27.95,9.23
25754,0.04,70.89,89.3,0.72,3,212.55,63.74
23481,0.08,7.77,9.23,0.58,5,38.45,13.07
23482,0.07,7.59,4,0.42,15,112.8,43.38
19820,0.08,3.25,49,0.56,12,38.04,-27.7
23372,0.09,4.98,7.44,0.36,5,24.45,1.36
21457,0,85.99,1.25,0.39,8,687.92,267.04
23806,0.08,5.78,7.96,0.36,1,5.7,-5.91
23478,0.02,65.99,4.99,0.57,14,923.58,521.45
480,0.01,3.26,1.86,0.41,20,65,24.79
4538,0.04,115.99,5.99,0.57,49,5681.55,3232.49
4539,0.07,11.55,2.36,0.55,1,11.48,3.95
7240,0.03,13.48,4.51,0.59,12,161.4,90.72
4784,0.03,15.23,27.75,0.76,32,486.4,341.91
5477,0.01,152.48,4,0.79,97,14789.59,11679.78
5478,0.02,65.99,4.99,0.57,55,3628.35,2063.17
22784,0.03,15.23,27.75,0.76,7,106.4,53.11
18480,0.01,3.26,1.86,0.41,5,16.25,4.8
22538,0.04,115.99,5.99,0.57,12,1391.4,787.11
25240,0.03,13.48,4.51,0.59,3,40.35,19.3
23477,0.01,152.48,4,0.79,24,3659.28,2886.83
22539,0.07,11.55,2.36,0.55,1,11.48,3.95
2408,0,8.34,2.64,0.59,23,191.82,110.53
1595,0.04,99.23,8.99,0.35,54,5356.26,1865.7
5728,0.05,11.58,5.72,0.35,26,299.78,99.2
682,0.01,2.88,0.5,0.36,46,132.02,47.03
5257,0.09,550.98,64.59,0.66,76,41867.64,27568.05
2136,0.07,1270.99,19.99,0.35,10,12709.2,4428.23
2137,0.07,7.31,0.49,0.38,44,318.56,120.56
6643,0.02,5.98,5.46,0.36,62,369.52,127.57
18682,0.01,2.88,0.5,0.36,11,31.57,10.87
20408,0,8.34,2.64,0.59,6,50.04,26.88
19595,0.04,99.23,8.99,0.35,14,1388.66,477.04
23728,0.05,11.58,5.72,0.35,6,69.18,18.49
23257,0.09,550.98,64.59,0.66,19,10466.91,6843.57
20136,0.07,1270.99,19.99,0.35,3,3812.76,1314.48
20137,0.07,7.31,0.49,0.38,11,79.64,29.77
24643,0.02,5.98,5.46,0.36,16,95.36,28.87
19107,0.08,4.89,4.93,0.66,17,81.77,49.04
19108,0.07,6.68,6.92,0.37,16,105.76,32.21
24962,0.07,10.98,3.37,0.57,17,185.47,102.35
21162,0.1,67.84,0.99,0.58,19,1287.06,745.5
20859,0.02,4.76,3.01,0.36,7,33.18,8.93
21680,0.1,40.98,6.5,0.74,13,531.44,386.77
21681,0.04,62.18,12.78,0.58,15,932.1,527.84
25778,0.05,500.98,28.14,0.38,29,14526.97,5492.11
26188,0.07,2.08,2.56,0.55,44,88.44,46.08
20760,0.07,124.49,51.94,0.63,14,1741.88,1045.44
21263,0.06,1.26,0.7,0.81,1,1.2,0.27
21264,0.04,80.98,35,0.81,11,890.34,686.18
21265,0.07,65.99,5.26,0.56,2,131.84,68.57
23135,0.06,22.24,1.99,0.43,15,332.7,141.07
22409,0.08,110.98,35,0.82,5,554.5,419.69
24627,0.04,125.99,8.99,0.59,1,125.95,65.32
25735,0.05,15.23,27.75,0.76,5,75.9,29.93
23456,0.09,65.99,8.99,0.56,14,922.6,507.67
24864,0.01,6.48,7.49,0.37,4,25.88,2.09
23623,0.01,6.68,6.92,0.37,11,73.37,20.23
21862,0.02,348.21,40.19,0.62,13,4526.47,2766.22
24828,0,4.98,0.8,0.36,7,34.86,11.75
22778,0.05,65.99,5.99,0.58,9,593.46,338.22
20248,0.08,125.99,4.2,0.59,11,1385.01,812.96
20153,0.04,65.99,4.99,0.57,15,989.25,558.88
20478,0.02,296.18,54.12,0.76,6,1776.96,1296.37
20152,0.01,284.98,69.55,0.6,2,569.94,272.41
20151,0.02,125.99,4.2,0.59,12,1511.64,887.67
18278,0.05,328.14,91.05,0.57,6,1968.54,1031.02
20178,0.08,70.98,46.74,0.56,12,850.8,429.71
24794,0.09,19.23,6.15,0.44,21,401.94,170.7
25214,0.04,110.98,13.99,0.69,11,1220.34,828.04
25215,0,4.98,7.54,0.38,1,4.98,-5.65
25216,0.09,1.81,1.56,0.49,6,10.32,3.5
23972,0.04,70.98,26.85,,23,1631.62,-26.85
23973,0.03,40.99,17.48,0.36,16,655.36,218.45
20401,0.02,20.99,4.81,0.58,15,314.55,177.63
20400,0.05,5.4,7.78,0.37,9,48.15,10.04
19564,0,3.28,3.97,0.56,23,75.44,38.28
3392,0.02,200.98,55.96,0.75,45,9043.2,6726.44
3393,0.02,4.28,5.17,0.4,24,102.24,35.73
3394,0.04,85.99,0.99,0.85,19,1633.05,1387.1
2279,0.01,6.48,5.14,0.37,79,511.13,183.98
2280,0.02,10.23,4.68,0.59,32,326.72,188.08
3660,0.1,15.74,1.39,0.4,65,1016.6,405.25
3661,0.08,46.94,6.77,0.44,139,6513.54,2859.19
3508,0.09,55.99,2.5,0.83,36,2012.4,1667.79
20279,0.01,6.48,5.14,0.37,20,129.4,42.74
20280,0.02,10.23,4.68,0.59,8,81.68,43.51
21392,0.02,200.98,55.96,0.75,11,2210.56,1601.96
21393,0.02,4.28,5.17,0.4,6,25.56,5.05
21508,0.09,55.99,2.5,0.83,9,503.1,415.07
21660,0.1,15.74,1.39,0.4,16,250.24,98.71
21661,0.08,46.94,6.77,0.44,35,1640.1,714.87
21394,0.04,85.99,0.99,0.85,5,429.75,364.3
19073,0.03,25.98,5.37,0.5,17,441.15,215.2
19226,0.08,1.88,1.49,0.37,2,3.6,-0.16
19227,0.1,6.48,5.86,0.36,16,102.08,30.89
19228,0.08,102.3,21.26,0.59,14,1431.08,823.08
19229,0.07,6.48,8.19,0.37,16,102.56,29.76
19230,0.01,1.89,0.76,0.83,18,33.84,27.33
23075,0.02,35.99,3.3,0.39,13,467.61,179.07
24007,0.07,85.99,2.5,0.35,4,343.68,117.79
21089,0.1,9.65,6.22,0.55,15,143.25,72.57
18769,0.05,5.88,3.04,0.36,19,110.77,36.84
20316,0.03,41.47,34.2,0.73,18,745.92,510.32
20317,0.01,2.78,1.2,0.58,2,5.54,2.01
20318,0.07,155.99,3.9,0.55,18,2806.56,1539.71
20013,0.09,170.98,60.49,0.69,18,3076.02,2061.96
22401,0.07,415.88,11.37,0.57,1,415.81,225.64
22957,0.07,5.84,1.2,0.55,11,63.47,33.71
22958,0.07,218.75,69.64,0.77,8,1749.44,1277.43
23835,0,11.5,7.19,0.4,1,11.5,-2.59
22687,0.06,5.18,2.04,0.36,7,35.84,10.86
22688,0.04,17.24,3.26,0.56,6,103.2,54.53
24991,0.04,107.53,5.81,0.65,10,1074.9,692.88
25042,0,20.98,8.83,0.37,1,20.98,-1.07
25043,0.01,100.8,60,0.59,7,705.53,356.26
